{
 "version": "0.3.5",
 "suite": "maxSAT",
 "function_id": "4",
 "function_name": "ram_k3_n13.ra1.dat",
 "maximization": false,
 "algorithm": {
  "name": "BandMax",
  "info": "BandMax"
 },
 "attributes": [
  "evaluations",
  "hard_unsat_nb",
  "soft_unsat_weight",
  "distance_to_the_last_best"
 ],
 "scenarios": [
  {
   "dimension": 78,
   "path": "data_ram_k3_n13.ra1/ram_k3_n13.ra1.dat",
   "runs": [
    {
     "instance": 1,
     "evals": 12832,
     "best": {
      "evals": 12832,
      "y": 1417
     }
    },
    {
     "instance": 1,
     "evals": 15404,
     "best": {
      "evals": 15404,
      "y": 1417
     }
    },
    {
     "instance": 1,
     "evals": 4930391,
     "best": {
      "evals": 4930391,
      "y": 1417
     }
    },
    {
     "instance": 1,
     "evals": 162483,
     "best": {
      "evals": 162483,
      "y": 1417
     }
    },
    {
     "instance": 1,
     "evals": 10620887,
     "best": {
      "evals": 10620887,
      "y": 1417
     }
    }
   ]
  }
 ]
}