{
 "version": "0.3.5",
 "suite": "maxSAT",
 "function_id": "9",
 "function_name": "instance4.dat",
 "maximization": false,
 "algorithm": {
  "name": "SATLike",
  "info": "SATLike"
 },
 "attributes": [
  "evaluations",
  "hard_unsat_nb",
  "soft_unsat_weight",
  "distance_to_the_last_best"
 ],
 "scenarios": [
  {
   "dimension": 7010,
   "path": "data_instance4/instance4.dat",
   "runs": [
    {
     "instance": 1,
     "evals": 494379311,
     "best": {
      "evals": 494379311,
      "y": 1763
     }
    },
    {
     "instance": 1,
     "evals": 174883386,
     "best": {
      "evals": 174883386,
      "y": 1753
     }
    },
    {
     "instance": 1,
     "evals": 1262910665,
     "best": {
      "evals": 1262910665,
      "y": 1753
     }
    },
    {
     "instance": 1,
     "evals": 712925577,
     "best": {
      "evals": 712925577,
      "y": 1755
     }
    },
    {
     "instance": 1,
     "evals": 935315603,
     "best": {
      "evals": 935315603,
      "y": 1746
     }
    }
   ]
  }
 ]
}