{
 "version": "0.3.5",
 "suite": "maxSAT",
 "function_id": "2",
 "function_name": "ram_k3_n20.ra1.dat",
 "maximization": false,
 "algorithm": {
  "name": "MaxFPS",
  "info": "MaxFPS"
 },
 "attributes": [
  "evaluations",
  "hard_unsat_nb",
  "soft_unsat_weight",
  "distance_to_the_last_best"
 ],
 "scenarios": [
  {
   "dimension": 190,
   "path": "data_ram_k3_n20.ra1/ram_k3_n20.ra1.dat",
   "runs": [
    {
     "instance": 1,
     "evals": 11025404,
     "best": {
      "evals": 11025404,
      "y": 23898
     }
    },
    {
     "instance": 1,
     "evals": 312386,
     "best": {
      "evals": 312386,
      "y": 23898
     }
    },
    {
     "instance": 1,
     "evals": 39954479,
     "best": {
      "evals": 39954479,
      "y": 23898
     }
    },
    {
     "instance": 1,
     "evals": 60496744,
     "best": {
      "evals": 60496744,
      "y": 23898
     }
    },
    {
     "instance": 1,
     "evals": 22931198,
     "best": {
      "evals": 22931198,
      "y": 23898
     }
    }
   ]
  }
 ]
}