{
 "version": "0.3.5",
 "suite": "maxSAT",
 "function_id": "1",
 "function_name": "ram_k3_n16.ra1.dat",
 "maximization": false,
 "algorithm": {
  "name": "Nwuls",
  "info": "Nwuls"
 },
 "attributes": [
  "evaluations",
  "hard_unsat_nb",
  "soft_unsat_weight",
  "distance_to_the_last_best"
 ],
 "scenarios": [
  {
   "dimension": 120,
   "path": "data_ram_k3_n16.ra1/ram_k3_n16.ra1.dat",
   "runs": [
    {
     "instance": 1,
     "evals": 95466,
     "best": {
      "evals": 95466,
      "y": 7271
     }
    },
    {
     "instance": 1,
     "evals": 340959,
     "best": {
      "evals": 340959,
      "y": 7271
     }
    },
    {
     "instance": 1,
     "evals": 140215,
     "best": {
      "evals": 140215,
      "y": 7271
     }
    },
    {
     "instance": 1,
     "evals": 1064180,
     "best": {
      "evals": 1064180,
      "y": 7271
     }
    },
    {
     "instance": 1,
     "evals": 409041,
     "best": {
      "evals": 409041,
      "y": 7271
     }
    }
   ]
  }
 ]
}