{
 "version": "0.3.5",
 "suite": "maxSAT",
 "function_id": "1",
 "function_name": "instance6.dat",
 "maximization": false,
 "algorithm": {
  "name": "SATLike",
  "info": "SATLike"
 },
 "attributes": [
  "evaluations",
  "hard_unsat_nb",
  "soft_unsat_weight",
  "distance_to_the_last_best"
 ],
 "scenarios": [
  {
   "dimension": 21771,
   "path": "data_instance6/instance6.dat",
   "runs": [
    {
     "instance": 1,
     "evals": 442920047,
     "best": {
      "evals": 442920047,
      "y": 2311
     }
    },
    {
     "instance": 1,
     "evals": 489058662,
     "best": {
      "evals": 489058662,
      "y": 2307
     }
    },
    {
     "instance": 1,
     "evals": 257158980,
     "best": {
      "evals": 257158980,
      "y": 2309
     }
    },
    {
     "instance": 1,
     "evals": 9544484,
     "best": {
      "evals": 9544484,
      "y": 2210
     }
    },
    {
     "instance": 1,
     "evals": 459679391,
     "best": {
      "evals": 459679391,
      "y": 2222
     }
    }
   ]
  }
 ]
}