{
 "version": "0.3.5",
 "suite": "maxSAT",
 "function_id": "6",
 "function_name": "ram_k3_n19.ra1.dat",
 "maximization": false,
 "algorithm": {
  "name": "Nwuls",
  "info": "Nwuls"
 },
 "attributes": [
  "evaluations",
  "hard_unsat_nb",
  "soft_unsat_weight",
  "distance_to_the_last_best"
 ],
 "scenarios": [
  {
   "dimension": 171,
   "path": "data_ram_k3_n19.ra1/ram_k3_n19.ra1.dat",
   "runs": [
    {
     "instance": 1,
     "evals": 18534683,
     "best": {
      "evals": 18534683,
      "y": 20665
     }
    },
    {
     "instance": 1,
     "evals": 1699668,
     "best": {
      "evals": 1699668,
      "y": 20665
     }
    },
    {
     "instance": 1,
     "evals": 15996070,
     "best": {
      "evals": 15996070,
      "y": 20665
     }
    },
    {
     "instance": 1,
     "evals": 2202041,
     "best": {
      "evals": 2202041,
      "y": 20665
     }
    },
    {
     "instance": 1,
     "evals": 2026812,
     "best": {
      "evals": 2026812,
      "y": 20665
     }
    }
   ]
  }
 ]
}