{
 "version": "0.3.5",
 "suite": "maxSAT",
 "function_id": "5",
 "function_name": "instance5.dat",
 "maximization": false,
 "algorithm": {
  "name": "BandMax",
  "info": "BandMax"
 },
 "attributes": [
  "evaluations",
  "hard_unsat_nb",
  "soft_unsat_weight",
  "distance_to_the_last_best"
 ],
 "scenarios": [
  {
   "dimension": 17436,
   "path": "data_instance5/instance5.dat",
   "runs": [
    {
     "instance": 1,
     "evals": 242297728,
     "best": {
      "evals": 242297728,
      "y": 1284
     }
    },
    {
     "instance": 1,
     "evals": 62332864,
     "best": {
      "evals": 62332864,
      "y": 1267
     }
    },
    {
     "instance": 1,
     "evals": 258074897,
     "best": {
      "evals": 258074897,
      "y": 1193
     }
    },
    {
     "instance": 1,
     "evals": 292986186,
     "best": {
      "evals": 292986186,
      "y": 1267
     }
    },
    {
     "instance": 1,
     "evals": 108384579,
     "best": {
      "evals": 108384579,
      "y": 1262
     }
    }
   ]
  }
 ]
}