{
 "version": "0.3.5",
 "suite": "maxSAT",
 "function_id": "9",
 "function_name": "af-synthesis_stb_50_140_8.dat",
 "maximization": false,
 "algorithm": {
  "name": "MaxFPS",
  "info": "MaxFPS"
 },
 "attributes": [
  "evaluations",
  "hard_unsat_nb",
  "soft_unsat_weight",
  "distance_to_the_last_best"
 ],
 "scenarios": [
  {
   "dimension": 20773,
   "path": "data_af-synthesis_stb_50_140_8/af-synthesis_stb_50_140_8.dat",
   "runs": [
    {
     "instance": 1,
     "evals": 3297,
     "best": {
      "evals": 3297,
      "y": 147
     }
    },
    {
     "instance": 1,
     "evals": 435,
     "best": {
      "evals": 435,
      "y": 130
     }
    },
    {
     "instance": 1,
     "evals": 1613961,
     "best": {
      "evals": 1613961,
      "y": 136
     }
    },
    {
     "instance": 1,
     "evals": 101922,
     "best": {
      "evals": 101922,
      "y": 143
     }
    },
    {
     "instance": 1,
     "evals": 15216378,
     "best": {
      "evals": 15216378,
      "y": 152
     }
    }
   ]
  }
 ]
}