{
 "version": "0.3.5",
 "suite": "maxSAT",
 "function_id": "4",
 "function_name": "af-synthesis_stb_50_40_6.dat",
 "maximization": false,
 "algorithm": {
  "name": "Nwuls",
  "info": "Nwuls"
 },
 "attributes": [
  "evaluations",
  "hard_unsat_nb",
  "soft_unsat_weight",
  "distance_to_the_last_best"
 ],
 "scenarios": [
  {
   "dimension": 13081,
   "path": "data_af-synthesis_stb_50_40_6/af-synthesis_stb_50_40_6.dat",
   "runs": [
    {
     "instance": 1,
     "evals": 27925178,
     "best": {
      "evals": 27925178,
      "y": 115
     }
    },
    {
     "instance": 1,
     "evals": 306240,
     "best": {
      "evals": 306240,
      "y": 117
     }
    },
    {
     "instance": 1,
     "evals": 41425378,
     "best": {
      "evals": 41425378,
      "y": 115
     }
    },
    {
     "instance": 1,
     "evals": 45037164,
     "best": {
      "evals": 45037164,
      "y": 115
     }
    },
    {
     "instance": 1,
     "evals": 11109533,
     "best": {
      "evals": 11109533,
      "y": 117
     }
    }
   ]
  }
 ]
}