{
 "version": "0.3.5",
 "suite": "maxSAT",
 "function_id": "7",
 "function_name": "ram_k4_n20.ra1.dat",
 "maximization": false,
 "algorithm": {
  "name": "BandMax",
  "info": "BandMax"
 },
 "attributes": [
  "evaluations",
  "hard_unsat_nb",
  "soft_unsat_weight",
  "distance_to_the_last_best"
 ],
 "scenarios": [
  {
   "dimension": 190,
   "path": "data_ram_k4_n20.ra1/ram_k4_n20.ra1.dat",
   "runs": [
    {
     "instance": 1,
     "evals": 1273599,
     "best": {
      "evals": 1273599,
      "y": 2818
     }
    },
    {
     "instance": 1,
     "evals": 2454824,
     "best": {
      "evals": 2454824,
      "y": 2975
     }
    },
    {
     "instance": 1,
     "evals": 89061425,
     "best": {
      "evals": 89061425,
      "y": 2763
     }
    },
    {
     "instance": 1,
     "evals": 96769045,
     "best": {
      "evals": 96769045,
      "y": 2929
     }
    },
    {
     "instance": 1,
     "evals": 101407511,
     "best": {
      "evals": 101407511,
      "y": 2808
     }
    }
   ]
  }
 ]
}