{
 "version": "0.3.5",
 "suite": "maxSAT",
 "function_id": "8",
 "function_name": "ram_k3_n15.ra1.dat",
 "maximization": false,
 "algorithm": {
  "name": "Nwuls",
  "info": "Nwuls"
 },
 "attributes": [
  "evaluations",
  "hard_unsat_nb",
  "soft_unsat_weight",
  "distance_to_the_last_best"
 ],
 "scenarios": [
  {
   "dimension": 105,
   "path": "data_ram_k3_n15.ra1/ram_k3_n15.ra1.dat",
   "runs": [
    {
     "instance": 1,
     "evals": 2106833,
     "best": {
      "evals": 2106833,
      "y": 4884
     }
    },
    {
     "instance": 1,
     "evals": 206988,
     "best": {
      "evals": 206988,
      "y": 4884
     }
    },
    {
     "instance": 1,
     "evals": 236860,
     "best": {
      "evals": 236860,
      "y": 4884
     }
    },
    {
     "instance": 1,
     "evals": 517689,
     "best": {
      "evals": 517689,
      "y": 4884
     }
    },
    {
     "instance": 1,
     "evals": 1426710,
     "best": {
      "evals": 1426710,
      "y": 4884
     }
    }
   ]
  }
 ]
}