{
 "version": "0.3.5",
 "suite": "maxSAT",
 "function_id": "6",
 "function_name": "instance9.dat",
 "maximization": false,
 "algorithm": {
  "name": "SATLike",
  "info": "SATLike"
 },
 "attributes": [
  "evaluations",
  "hard_unsat_nb",
  "soft_unsat_weight",
  "distance_to_the_last_best"
 ],
 "scenarios": [
  {
   "dimension": 287144,
   "path": "data_instance9/instance9.dat",
   "runs": [
    {
     "instance": 1,
     "evals": 83149673,
     "best": {
      "evals": 83149673,
      "y": 2037
     }
    },
    {
     "instance": 1,
     "evals": 360018149,
     "best": {
      "evals": 360018149,
      "y": 2234
     }
    },
    {
     "instance": 1,
     "evals": 438178025,
     "best": {
      "evals": 438178025,
      "y": 2247
     }
    },
    {
     "instance": 1,
     "evals": 297591959,
     "best": {
      "evals": 297591959,
      "y": 2130
     }
    },
    {
     "instance": 1,
     "evals": 278972750,
     "best": {
      "evals": 278972750,
      "y": 2230
     }
    }
   ]
  }
 ]
}