{
 "version": "0.3.5",
 "suite": "maxSAT",
 "function_id": "3",
 "function_name": "ram_k3_n18.ra1.dat",
 "maximization": false,
 "algorithm": {
  "name": "Nwuls",
  "info": "Nwuls"
 },
 "attributes": [
  "evaluations",
  "hard_unsat_nb",
  "soft_unsat_weight",
  "distance_to_the_last_best"
 ],
 "scenarios": [
  {
   "dimension": 153,
   "path": "data_ram_k3_n18.ra1/ram_k3_n18.ra1.dat",
   "runs": [
    {
     "instance": 1,
     "evals": 445387,
     "best": {
      "evals": 445387,
      "y": 15621
     }
    },
    {
     "instance": 1,
     "evals": 3859344,
     "best": {
      "evals": 3859344,
      "y": 15621
     }
    },
    {
     "instance": 1,
     "evals": 10338262,
     "best": {
      "evals": 10338262,
      "y": 15621
     }
    },
    {
     "instance": 1,
     "evals": 23732400,
     "best": {
      "evals": 23732400,
      "y": 15621
     }
    },
    {
     "instance": 1,
     "evals": 1815721,
     "best": {
      "evals": 1815721,
      "y": 15621
     }
    }
   ]
  }
 ]
}