{
 "version": "0.3.5",
 "suite": "maxSAT",
 "function_id": "8",
 "function_name": "ram_k3_n15.ra1.dat",
 "maximization": false,
 "algorithm": {
  "name": "SATLike",
  "info": "SATLike"
 },
 "attributes": [
  "evaluations",
  "hard_unsat_nb",
  "soft_unsat_weight",
  "distance_to_the_last_best"
 ],
 "scenarios": [
  {
   "dimension": 105,
   "path": "data_ram_k3_n15.ra1/ram_k3_n15.ra1.dat",
   "runs": [
    {
     "instance": 1,
     "evals": 388436,
     "best": {
      "evals": 388436,
      "y": 4884
     }
    },
    {
     "instance": 1,
     "evals": 235921,
     "best": {
      "evals": 235921,
      "y": 4884
     }
    },
    {
     "instance": 1,
     "evals": 249927,
     "best": {
      "evals": 249927,
      "y": 4884
     }
    },
    {
     "instance": 1,
     "evals": 697312,
     "best": {
      "evals": 697312,
      "y": 4884
     }
    },
    {
     "instance": 1,
     "evals": 957459,
     "best": {
      "evals": 957459,
      "y": 4884
     }
    }
   ]
  }
 ]
}