{
 "version": "0.3.5",
 "suite": "maxSAT",
 "function_id": "5",
 "function_name": "af-synthesis_stb_50_160_5.dat",
 "maximization": false,
 "algorithm": {
  "name": "SATLike",
  "info": "SATLike"
 },
 "attributes": [
  "evaluations",
  "hard_unsat_nb",
  "soft_unsat_weight",
  "distance_to_the_last_best"
 ],
 "scenarios": [
  {
   "dimension": 22193,
   "path": "data_af-synthesis_stb_50_160_5/af-synthesis_stb_50_160_5.dat",
   "runs": [
    {
     "instance": 1,
     "evals": 1588,
     "best": {
      "evals": 1588,
      "y": 144
     }
    },
    {
     "instance": 1,
     "evals": 10000769,
     "best": {
      "evals": 10000769,
      "y": 144
     }
    },
    {
     "instance": 1,
     "evals": 553,
     "best": {
      "evals": 553,
      "y": 161
     }
    },
    {
     "instance": 1,
     "evals": 763,
     "best": {
      "evals": 763,
      "y": 150
     }
    },
    {
     "instance": 1,
     "evals": 20000746,
     "best": {
      "evals": 20000746,
      "y": 173
     }
    }
   ]
  }
 ]
}