{
 "version": "0.3.5",
 "suite": "maxSAT",
 "function_id": "5",
 "function_name": "instance5.dat",
 "maximization": false,
 "algorithm": {
  "name": "MaxFPS",
  "info": "MaxFPS"
 },
 "attributes": [
  "evaluations",
  "hard_unsat_nb",
  "soft_unsat_weight",
  "distance_to_the_last_best"
 ],
 "scenarios": [
  {
   "dimension": 17436,
   "path": "data_instance5/instance5.dat",
   "runs": [
    {
     "instance": 1,
     "evals": 296749429,
     "best": {
      "evals": 296749429,
      "y": 1399
     }
    },
    {
     "instance": 1,
     "evals": 317202492,
     "best": {
      "evals": 317202492,
      "y": 1408
     }
    },
    {
     "instance": 1,
     "evals": 498576197,
     "best": {
      "evals": 498576197,
      "y": 1298
     }
    },
    {
     "instance": 1,
     "evals": 19518507,
     "best": {
      "evals": 19518507,
      "y": 1306
     }
    },
    {
     "instance": 1,
     "evals": 144496826,
     "best": {
      "evals": 144496826,
      "y": 1405
     }
    }
   ]
  }
 ]
}