{
 "version": "0.3.5",
 "suite": "maxSAT",
 "function_id": "5",
 "function_name": "af-synthesis_stb_50_160_5.dat",
 "maximization": false,
 "algorithm": {
  "name": "MaxFPS",
  "info": "MaxFPS"
 },
 "attributes": [
  "evaluations",
  "hard_unsat_nb",
  "soft_unsat_weight",
  "distance_to_the_last_best"
 ],
 "scenarios": [
  {
   "dimension": 22193,
   "path": "data_af-synthesis_stb_50_160_5/af-synthesis_stb_50_160_5.dat",
   "runs": [
    {
     "instance": 1,
     "evals": 498,
     "best": {
      "evals": 498,
      "y": 132
     }
    },
    {
     "instance": 1,
     "evals": 1013,
     "best": {
      "evals": 1013,
      "y": 153
     }
    },
    {
     "instance": 1,
     "evals": 38071418,
     "best": {
      "evals": 38071418,
      "y": 132
     }
    },
    {
     "instance": 1,
     "evals": 41286,
     "best": {
      "evals": 41286,
      "y": 134
     }
    },
    {
     "instance": 1,
     "evals": 1641,
     "best": {
      "evals": 1641,
      "y": 163
     }
    }
   ]
  }
 ]
}