{
 "version": "0.3.5",
 "suite": "maxSAT",
 "function_id": "4",
 "function_name": "instance12.dat",
 "maximization": false,
 "algorithm": {
  "name": "MaxFPS",
  "info": "MaxFPS"
 },
 "attributes": [
  "evaluations",
  "hard_unsat_nb",
  "soft_unsat_weight",
  "distance_to_the_last_best"
 ],
 "scenarios": [
  {
   "dimension": 558350,
   "path": "data_instance12/instance12.dat",
   "runs": [
    {
     "instance": 1,
     "evals": 110153811,
     "best": {
      "evals": 110153811,
      "y": 5384
     }
    },
    {
     "instance": 1,
     "evals": 140871847,
     "best": {
      "evals": 140871847,
      "y": 5739
     }
    },
    {
     "instance": 1,
     "evals": 213341514,
     "best": {
      "evals": 213341514,
      "y": 5367
     }
    },
    {
     "instance": 1,
     "evals": 249641078,
     "best": {
      "evals": 249641078,
      "y": 5491
     }
    },
    {
     "instance": 1,
     "evals": 284376552,
     "best": {
      "evals": 284376552,
      "y": 5578
     }
    }
   ]
  }
 ]
}