{
 "version": "0.3.5",
 "suite": "maxSAT",
 "function_id": "10",
 "function_name": "instance7.dat",
 "maximization": false,
 "algorithm": {
  "name": "BandMax",
  "info": "BandMax"
 },
 "attributes": [
  "evaluations",
  "hard_unsat_nb",
  "soft_unsat_weight",
  "distance_to_the_last_best"
 ],
 "scenarios": [
  {
   "dimension": 29796,
   "path": "data_instance7/instance7.dat",
   "runs": [
    {
     "instance": 1,
     "evals": 328187256,
     "best": {
      "evals": 328187256,
      "y": 1130
     }
    },
    {
     "instance": 1,
     "evals": 75651077,
     "best": {
      "evals": 75651077,
      "y": 1131
     }
    },
    {
     "instance": 1,
     "evals": 246373084,
     "best": {
      "evals": 246373084,
      "y": 1129
     }
    },
    {
     "instance": 1,
     "evals": 353365297,
     "best": {
      "evals": 353365297,
      "y": 1132
     }
    },
    {
     "instance": 1,
     "evals": 200789743,
     "best": {
      "evals": 200789743,
      "y": 1136
     }
    }
   ]
  }
 ]
}