{
 "version": "0.3.5",
 "suite": "maxSAT",
 "function_id": "1",
 "function_name": "instance6.dat",
 "maximization": false,
 "algorithm": {
  "name": "MaxFPS",
  "info": "MaxFPS"
 },
 "attributes": [
  "evaluations",
  "hard_unsat_nb",
  "soft_unsat_weight",
  "distance_to_the_last_best"
 ],
 "scenarios": [
  {
   "dimension": 21771,
   "path": "data_instance6/instance6.dat",
   "runs": [
    {
     "instance": 1,
     "evals": 257886687,
     "best": {
      "evals": 257886687,
      "y": 2190
     }
    },
    {
     "instance": 1,
     "evals": 5037833,
     "best": {
      "evals": 5037833,
      "y": 2184
     }
    },
    {
     "instance": 1,
     "evals": 414370666,
     "best": {
      "evals": 414370666,
      "y": 2177
     }
    },
    {
     "instance": 1,
     "evals": 590157579,
     "best": {
      "evals": 590157579,
      "y": 2205
     }
    },
    {
     "instance": 1,
     "evals": 419565065,
     "best": {
      "evals": 419565065,
      "y": 2202
     }
    }
   ]
  }
 ]
}