{
 "version": "0.3.5",
 "suite": "maxSAT",
 "function_id": "1",
 "function_name": "af-synthesis_stb_50_120_2.dat",
 "maximization": false,
 "algorithm": {
  "name": "SATLike",
  "info": "SATLike"
 },
 "attributes": [
  "evaluations",
  "hard_unsat_nb",
  "soft_unsat_weight",
  "distance_to_the_last_best"
 ],
 "scenarios": [
  {
   "dimension": 19189,
   "path": "data_af-synthesis_stb_50_120_2/af-synthesis_stb_50_120_2.dat",
   "runs": [
    {
     "instance": 1,
     "evals": 30002612,
     "best": {
      "evals": 30002612,
      "y": 152
     }
    },
    {
     "instance": 1,
     "evals": 20001497,
     "best": {
      "evals": 20001497,
      "y": 152
     }
    },
    {
     "instance": 1,
     "evals": 10001200,
     "best": {
      "evals": 10001200,
      "y": 146
     }
    },
    {
     "instance": 1,
     "evals": 30003461,
     "best": {
      "evals": 30003461,
      "y": 140
     }
    },
    {
     "instance": 1,
     "evals": 10000311,
     "best": {
      "evals": 10000311,
      "y": 150
     }
    }
   ]
  }
 ]
}