{
 "version": "0.3.5",
 "suite": "maxSAT",
 "function_id": "3",
 "function_name": "instance8.dat",
 "maximization": false,
 "algorithm": {
  "name": "MaxFPS",
  "info": "MaxFPS"
 },
 "attributes": [
  "evaluations",
  "hard_unsat_nb",
  "soft_unsat_weight",
  "distance_to_the_last_best"
 ],
 "scenarios": [
  {
   "dimension": 81096,
   "path": "data_instance8/instance8.dat",
   "runs": [
    {
     "instance": 1,
     "evals": 91209714,
     "best": {
      "evals": 91209714,
      "y": 2878
     }
    },
    {
     "instance": 1,
     "evals": 86701130,
     "best": {
      "evals": 86701130,
      "y": 3262
     }
    },
    {
     "instance": 1,
     "evals": 649777538,
     "best": {
      "evals": 649777538,
      "y": 3066
     }
    },
    {
     "instance": 1,
     "evals": 179343502,
     "best": {
      "evals": 179343502,
      "y": 3063
     }
    },
    {
     "instance": 1,
     "evals": 510670402,
     "best": {
      "evals": 510670402,
      "y": 3264
     }
    }
   ]
  }
 ]
}