{
 "version": "0.3.5",
 "suite": "maxSAT",
 "function_id": "6",
 "function_name": "af-synthesis_stb_50_80_8.dat",
 "maximization": false,
 "algorithm": {
  "name": "SATLike",
  "info": "SATLike"
 },
 "attributes": [
  "evaluations",
  "hard_unsat_nb",
  "soft_unsat_weight",
  "distance_to_the_last_best"
 ],
 "scenarios": [
  {
   "dimension": 16118,
   "path": "data_af-synthesis_stb_50_80_8/af-synthesis_stb_50_80_8.dat",
   "runs": [
    {
     "instance": 1,
     "evals": 20000881,
     "best": {
      "evals": 20000881,
      "y": 145
     }
    },
    {
     "instance": 1,
     "evals": 10000452,
     "best": {
      "evals": 10000452,
      "y": 147
     }
    },
    {
     "instance": 1,
     "evals": 10000335,
     "best": {
      "evals": 10000335,
      "y": 151
     }
    },
    {
     "instance": 1,
     "evals": 602,
     "best": {
      "evals": 602,
      "y": 142
     }
    },
    {
     "instance": 1,
     "evals": 183,
     "best": {
      "evals": 183,
      "y": 142
     }
    }
   ]
  }
 ]
}