{
 "version": "0.3.5",
 "suite": "maxSAT",
 "function_id": "7",
 "function_name": "af-synthesis_stb_50_120_5.dat",
 "maximization": false,
 "algorithm": {
  "name": "Nwuls",
  "info": "Nwuls"
 },
 "attributes": [
  "evaluations",
  "hard_unsat_nb",
  "soft_unsat_weight",
  "distance_to_the_last_best"
 ],
 "scenarios": [
  {
   "dimension": 19227,
   "path": "data_af-synthesis_stb_50_120_5/af-synthesis_stb_50_120_5.dat",
   "runs": [
    {
     "instance": 1,
     "evals": 47262791,
     "best": {
      "evals": 47262791,
      "y": 115
     }
    },
    {
     "instance": 1,
     "evals": 28776081,
     "best": {
      "evals": 28776081,
      "y": 115
     }
    },
    {
     "instance": 1,
     "evals": 1052903,
     "best": {
      "evals": 1052903,
      "y": 115
     }
    },
    {
     "instance": 1,
     "evals": 48494047,
     "best": {
      "evals": 48494047,
      "y": 114
     }
    },
    {
     "instance": 1,
     "evals": 1444728,
     "best": {
      "evals": 1444728,
      "y": 115
     }
    }
   ]
  }
 ]
}