{
 "version": "0.3.5",
 "suite": "maxSAT",
 "function_id": "5",
 "function_name": "af-synthesis_stb_50_160_5.dat",
 "maximization": false,
 "algorithm": {
  "name": "Nwuls",
  "info": "Nwuls"
 },
 "attributes": [
  "evaluations",
  "hard_unsat_nb",
  "soft_unsat_weight",
  "distance_to_the_last_best"
 ],
 "scenarios": [
  {
   "dimension": 22193,
   "path": "data_af-synthesis_stb_50_160_5/af-synthesis_stb_50_160_5.dat",
   "runs": [
    {
     "instance": 1,
     "evals": 18116589,
     "best": {
      "evals": 18116589,
      "y": 113
     }
    },
    {
     "instance": 1,
     "evals": 49256166,
     "best": {
      "evals": 49256166,
      "y": 113
     }
    },
    {
     "instance": 1,
     "evals": 20016767,
     "best": {
      "evals": 20016767,
      "y": 113
     }
    },
    {
     "instance": 1,
     "evals": 15890391,
     "best": {
      "evals": 15890391,
      "y": 113
     }
    },
    {
     "instance": 1,
     "evals": 1836326,
     "best": {
      "evals": 1836326,
      "y": 113
     }
    }
   ]
  }
 ]
}