{
 "version": "0.3.5",
 "suite": "maxSAT",
 "function_id": "2",
 "function_name": "instance3.dat",
 "maximization": false,
 "algorithm": {
  "name": "MaxFPS",
  "info": "MaxFPS"
 },
 "attributes": [
  "evaluations",
  "hard_unsat_nb",
  "soft_unsat_weight",
  "distance_to_the_last_best"
 ],
 "scenarios": [
  {
   "dimension": 13155,
   "path": "data_instance3/instance3.dat",
   "runs": [
    {
     "instance": 1,
     "evals": 133716842,
     "best": {
      "evals": 133716842,
      "y": 1021
     }
    },
    {
     "instance": 1,
     "evals": 556316973,
     "best": {
      "evals": 556316973,
      "y": 1030
     }
    },
    {
     "instance": 1,
     "evals": 327795762,
     "best": {
      "evals": 327795762,
      "y": 1030
     }
    },
    {
     "instance": 1,
     "evals": 1079232446,
     "best": {
      "evals": 1079232446,
      "y": 1027
     }
    },
    {
     "instance": 1,
     "evals": 245592982,
     "best": {
      "evals": 245592982,
      "y": 1029
     }
    }
   ]
  }
 ]
}