{
 "version": "0.3.5",
 "suite": "maxSAT",
 "function_id": "4",
 "function_name": "ram_k3_n13.ra1.dat",
 "maximization": false,
 "algorithm": {
  "name": "SATLike",
  "info": "SATLike"
 },
 "attributes": [
  "evaluations",
  "hard_unsat_nb",
  "soft_unsat_weight",
  "distance_to_the_last_best"
 ],
 "scenarios": [
  {
   "dimension": 78,
   "path": "data_ram_k3_n13.ra1/ram_k3_n13.ra1.dat",
   "runs": [
    {
     "instance": 1,
     "evals": 188673,
     "best": {
      "evals": 188673,
      "y": 1417
     }
    },
    {
     "instance": 1,
     "evals": 275800,
     "best": {
      "evals": 275800,
      "y": 1417
     }
    },
    {
     "instance": 1,
     "evals": 104810,
     "best": {
      "evals": 104810,
      "y": 1417
     }
    },
    {
     "instance": 1,
     "evals": 37509,
     "best": {
      "evals": 37509,
      "y": 1417
     }
    },
    {
     "instance": 1,
     "evals": 111623,
     "best": {
      "evals": 111623,
      "y": 1417
     }
    }
   ]
  }
 ]
}