{
 "version": "0.3.5",
 "suite": "maxSAT",
 "function_id": "1",
 "function_name": "ram_k3_n16.ra1.dat",
 "maximization": false,
 "algorithm": {
  "name": "SATLike",
  "info": "SATLike"
 },
 "attributes": [
  "evaluations",
  "hard_unsat_nb",
  "soft_unsat_weight",
  "distance_to_the_last_best"
 ],
 "scenarios": [
  {
   "dimension": 120,
   "path": "data_ram_k3_n16.ra1/ram_k3_n16.ra1.dat",
   "runs": [
    {
     "instance": 1,
     "evals": 278709,
     "best": {
      "evals": 278709,
      "y": 7271
     }
    },
    {
     "instance": 1,
     "evals": 134576,
     "best": {
      "evals": 134576,
      "y": 7271
     }
    },
    {
     "instance": 1,
     "evals": 37850,
     "best": {
      "evals": 37850,
      "y": 7271
     }
    },
    {
     "instance": 1,
     "evals": 99381,
     "best": {
      "evals": 99381,
      "y": 7271
     }
    },
    {
     "instance": 1,
     "evals": 266554,
     "best": {
      "evals": 266554,
      "y": 7271
     }
    }
   ]
  }
 ]
}