{
 "version": "0.3.5",
 "suite": "maxSAT",
 "function_id": "2",
 "function_name": "instance3.dat",
 "maximization": false,
 "algorithm": {
  "name": "Nwuls",
  "info": "Nwuls"
 },
 "attributes": [
  "evaluations",
  "hard_unsat_nb",
  "soft_unsat_weight",
  "distance_to_the_last_best"
 ],
 "scenarios": [
  {
   "dimension": 13155,
   "path": "data_instance3/instance3.dat",
   "runs": [
    {
     "instance": 1,
     "evals": 1168806648,
     "best": {
      "evals": 1168806648,
      "y": 1019
     }
    },
    {
     "instance": 1,
     "evals": 316403658,
     "best": {
      "evals": 316403658,
      "y": 1024
     }
    },
    {
     "instance": 1,
     "evals": 182187828,
     "best": {
      "evals": 182187828,
      "y": 1020
     }
    },
    {
     "instance": 1,
     "evals": 284336549,
     "best": {
      "evals": 284336549,
      "y": 1020
     }
    },
    {
     "instance": 1,
     "evals": 899828202,
     "best": {
      "evals": 899828202,
      "y": 1017
     }
    }
   ]
  }
 ]
}