{
 "version": "0.3.5",
 "suite": "maxSAT",
 "function_id": "9",
 "function_name": "af-synthesis_stb_50_140_8.dat",
 "maximization": false,
 "algorithm": {
  "name": "BandMax",
  "info": "BandMax"
 },
 "attributes": [
  "evaluations",
  "hard_unsat_nb",
  "soft_unsat_weight",
  "distance_to_the_last_best"
 ],
 "scenarios": [
  {
   "dimension": 20773,
   "path": "data_af-synthesis_stb_50_140_8/af-synthesis_stb_50_140_8.dat",
   "runs": [
    {
     "instance": 1,
     "evals": 16404671,
     "best": {
      "evals": 16404671,
      "y": 126
     }
    },
    {
     "instance": 1,
     "evals": 1378898,
     "best": {
      "evals": 1378898,
      "y": 123
     }
    },
    {
     "instance": 1,
     "evals": 11953466,
     "best": {
      "evals": 11953466,
      "y": 124
     }
    },
    {
     "instance": 1,
     "evals": 2535694,
     "best": {
      "evals": 2535694,
      "y": 127
     }
    },
    {
     "instance": 1,
     "evals": 1006067,
     "best": {
      "evals": 1006067,
      "y": 126
     }
    }
   ]
  }
 ]
}