{
 "version": "0.3.5",
 "suite": "maxSAT",
 "function_id": "10",
 "function_name": "instance7.dat",
 "maximization": false,
 "algorithm": {
  "name": "MaxFPS",
  "info": "MaxFPS"
 },
 "attributes": [
  "evaluations",
  "hard_unsat_nb",
  "soft_unsat_weight",
  "distance_to_the_last_best"
 ],
 "scenarios": [
  {
   "dimension": 29796,
   "path": "data_instance7/instance7.dat",
   "runs": [
    {
     "instance": 1,
     "evals": 168564693,
     "best": {
      "evals": 168564693,
      "y": 1162
     }
    },
    {
     "instance": 1,
     "evals": 207975002,
     "best": {
      "evals": 207975002,
      "y": 1161
     }
    },
    {
     "instance": 1,
     "evals": 80533477,
     "best": {
      "evals": 80533477,
      "y": 1187
     }
    },
    {
     "instance": 1,
     "evals": 452691094,
     "best": {
      "evals": 452691094,
      "y": 1246
     }
    },
    {
     "instance": 1,
     "evals": 375335898,
     "best": {
      "evals": 375335898,
      "y": 1185
     }
    }
   ]
  }
 ]
}