{
 "version": "0.3.5",
 "suite": "maxSAT",
 "function_id": "3",
 "function_name": "instance8.dat",
 "maximization": false,
 "algorithm": {
  "name": "SATLike",
  "info": "SATLike"
 },
 "attributes": [
  "evaluations",
  "hard_unsat_nb",
  "soft_unsat_weight",
  "distance_to_the_last_best"
 ],
 "scenarios": [
  {
   "dimension": 81096,
   "path": "data_instance8/instance8.dat",
   "runs": [
    {
     "instance": 1,
     "evals": 605804761,
     "best": {
      "evals": 605804761,
      "y": 3994
     }
    },
    {
     "instance": 1,
     "evals": 469714678,
     "best": {
      "evals": 469714678,
      "y": 3977
     }
    },
    {
     "instance": 1,
     "evals": 128887908,
     "best": {
      "evals": 128887908,
      "y": 3990
     }
    },
    {
     "instance": 1,
     "evals": 204860341,
     "best": {
      "evals": 204860341,
      "y": 3868
     }
    },
    {
     "instance": 1,
     "evals": 385703237,
     "best": {
      "evals": 385703237,
      "y": 3670
     }
    }
   ]
  }
 ]
}