{
 "version": "0.3.5",
 "suite": "maxSAT",
 "function_id": "2",
 "function_name": "af-synthesis_stb_50_40_8.dat",
 "maximization": false,
 "algorithm": {
  "name": "SATLike",
  "info": "SATLike"
 },
 "attributes": [
  "evaluations",
  "hard_unsat_nb",
  "soft_unsat_weight",
  "distance_to_the_last_best"
 ],
 "scenarios": [
  {
   "dimension": 13043,
   "path": "data_af-synthesis_stb_50_40_8/af-synthesis_stb_50_40_8.dat",
   "runs": [
    {
     "instance": 1,
     "evals": 606,
     "best": {
      "evals": 606,
      "y": 143
     }
    },
    {
     "instance": 1,
     "evals": 76,
     "best": {
      "evals": 76,
      "y": 163
     }
    },
    {
     "instance": 1,
     "evals": 10000658,
     "best": {
      "evals": 10000658,
      "y": 160
     }
    },
    {
     "instance": 1,
     "evals": 30001066,
     "best": {
      "evals": 30001066,
      "y": 141
     }
    },
    {
     "instance": 1,
     "evals": 20000969,
     "best": {
      "evals": 20000969,
      "y": 150
     }
    }
   ]
  }
 ]
}