{
 "version": "0.3.5",
 "suite": "maxSAT",
 "function_id": "5",
 "function_name": "instance5.dat",
 "maximization": false,
 "algorithm": {
  "name": "SATLike",
  "info": "SATLike"
 },
 "attributes": [
  "evaluations",
  "hard_unsat_nb",
  "soft_unsat_weight",
  "distance_to_the_last_best"
 ],
 "scenarios": [
  {
   "dimension": 17436,
   "path": "data_instance5/instance5.dat",
   "runs": [
    {
     "instance": 1,
     "evals": 140979775,
     "best": {
      "evals": 140979775,
      "y": 1405
     }
    },
    {
     "instance": 1,
     "evals": 227037641,
     "best": {
      "evals": 227037641,
      "y": 1400
     }
    },
    {
     "instance": 1,
     "evals": 381697736,
     "best": {
      "evals": 381697736,
      "y": 1300
     }
    },
    {
     "instance": 1,
     "evals": 20639184,
     "best": {
      "evals": 20639184,
      "y": 1320
     }
    },
    {
     "instance": 1,
     "evals": 568982360,
     "best": {
      "evals": 568982360,
      "y": 1294
     }
    }
   ]
  }
 ]
}