{
 "version": "0.3.5",
 "suite": "maxSAT",
 "function_id": "10",
 "function_name": "instance7.dat",
 "maximization": false,
 "algorithm": {
  "name": "Nwuls",
  "info": "Nwuls"
 },
 "attributes": [
  "evaluations",
  "hard_unsat_nb",
  "soft_unsat_weight",
  "distance_to_the_last_best"
 ],
 "scenarios": [
  {
   "dimension": 29796,
   "path": "data_instance7/instance7.dat",
   "runs": [
    {
     "instance": 1,
     "evals": 373816482,
     "best": {
      "evals": 373816482,
      "y": 1171
     }
    },
    {
     "instance": 1,
     "evals": 286817958,
     "best": {
      "evals": 286817958,
      "y": 1151
     }
    },
    {
     "instance": 1,
     "evals": 908660590,
     "best": {
      "evals": 908660590,
      "y": 1165
     }
    },
    {
     "instance": 1,
     "evals": 443981089,
     "best": {
      "evals": 443981089,
      "y": 1160
     }
    },
    {
     "instance": 1,
     "evals": 178771206,
     "best": {
      "evals": 178771206,
      "y": 1179
     }
    }
   ]
  }
 ]
}