{
 "version": "0.3.5",
 "suite": "maxSAT",
 "function_id": "7",
 "function_name": "ram_k4_n20.ra1.dat",
 "maximization": false,
 "algorithm": {
  "name": "Nwuls",
  "info": "Nwuls"
 },
 "attributes": [
  "evaluations",
  "hard_unsat_nb",
  "soft_unsat_weight",
  "distance_to_the_last_best"
 ],
 "scenarios": [
  {
   "dimension": 190,
   "path": "data_ram_k4_n20.ra1/ram_k4_n20.ra1.dat",
   "runs": [
    {
     "instance": 1,
     "evals": 144713580,
     "best": {
      "evals": 144713580,
      "y": 3137
     }
    },
    {
     "instance": 1,
     "evals": 113646082,
     "best": {
      "evals": 113646082,
      "y": 2888
     }
    },
    {
     "instance": 1,
     "evals": 109854510,
     "best": {
      "evals": 109854510,
      "y": 2875
     }
    },
    {
     "instance": 1,
     "evals": 102491278,
     "best": {
      "evals": 102491278,
      "y": 3287
     }
    },
    {
     "instance": 1,
     "evals": 76080583,
     "best": {
      "evals": 76080583,
      "y": 2907
     }
    }
   ]
  }
 ]
}