{
 "version": "0.3.5",
 "suite": "maxSAT",
 "function_id": "4",
 "function_name": "af-synthesis_stb_50_40_6.dat",
 "maximization": false,
 "algorithm": {
  "name": "MaxFPS",
  "info": "MaxFPS"
 },
 "attributes": [
  "evaluations",
  "hard_unsat_nb",
  "soft_unsat_weight",
  "distance_to_the_last_best"
 ],
 "scenarios": [
  {
   "dimension": 13081,
   "path": "data_af-synthesis_stb_50_40_6/af-synthesis_stb_50_40_6.dat",
   "runs": [
    {
     "instance": 1,
     "evals": 50,
     "best": {
      "evals": 50,
      "y": 138
     }
    },
    {
     "instance": 1,
     "evals": 279,
     "best": {
      "evals": 279,
      "y": 127
     }
    },
    {
     "instance": 1,
     "evals": 111,
     "best": {
      "evals": 111,
      "y": 137
     }
    },
    {
     "instance": 1,
     "evals": 6732810,
     "best": {
      "evals": 6732810,
      "y": 145
     }
    },
    {
     "instance": 1,
     "evals": 947,
     "best": {
      "evals": 947,
      "y": 145
     }
    }
   ]
  }
 ]
}