{
 "version": "0.3.5",
 "suite": "maxSAT",
 "function_id": "5",
 "function_name": "ram_k4_n19.ra1.dat",
 "maximization": false,
 "algorithm": {
  "name": "BandMax",
  "info": "BandMax"
 },
 "attributes": [
  "evaluations",
  "hard_unsat_nb",
  "soft_unsat_weight",
  "distance_to_the_last_best"
 ],
 "scenarios": [
  {
   "dimension": 171,
   "path": "data_ram_k4_n19.ra1/ram_k4_n19.ra1.dat",
   "runs": [
    {
     "instance": 1,
     "evals": 31052385,
     "best": {
      "evals": 31052385,
      "y": 1108
     }
    },
    {
     "instance": 1,
     "evals": 86565456,
     "best": {
      "evals": 86565456,
      "y": 889
     }
    },
    {
     "instance": 1,
     "evals": 30940943,
     "best": {
      "evals": 30940943,
      "y": 922
     }
    },
    {
     "instance": 1,
     "evals": 9158994,
     "best": {
      "evals": 9158994,
      "y": 946
     }
    },
    {
     "instance": 1,
     "evals": 8481862,
     "best": {
      "evals": 8481862,
      "y": 1019
     }
    }
   ]
  }
 ]
}