{
 "version": "0.3.5",
 "suite": "maxSAT",
 "function_id": "3",
 "function_name": "instance8.dat",
 "maximization": false,
 "algorithm": {
  "name": "BandMax",
  "info": "BandMax"
 },
 "attributes": [
  "evaluations",
  "hard_unsat_nb",
  "soft_unsat_weight",
  "distance_to_the_last_best"
 ],
 "scenarios": [
  {
   "dimension": 81096,
   "path": "data_instance8/instance8.dat",
   "runs": [
    {
     "instance": 1,
     "evals": 383876180,
     "best": {
      "evals": 383876180,
      "y": 3882
     }
    },
    {
     "instance": 1,
     "evals": 146156102,
     "best": {
      "evals": 146156102,
      "y": 3855
     }
    },
    {
     "instance": 1,
     "evals": 299965158,
     "best": {
      "evals": 299965158,
      "y": 3959
     }
    },
    {
     "instance": 1,
     "evals": 55079556,
     "best": {
      "evals": 55079556,
      "y": 3678
     }
    },
    {
     "instance": 1,
     "evals": 187823130,
     "best": {
      "evals": 187823130,
      "y": 4062
     }
    }
   ]
  }
 ]
}