{
 "version": "0.3.5",
 "suite": "maxSAT",
 "function_id": "3",
 "function_name": "af-synthesis_stb_50_200_5.dat",
 "maximization": false,
 "algorithm": {
  "name": "MaxFPS",
  "info": "MaxFPS"
 },
 "attributes": [
  "evaluations",
  "hard_unsat_nb",
  "soft_unsat_weight",
  "distance_to_the_last_best"
 ],
 "scenarios": [
  {
   "dimension": 25066,
   "path": "data_af-synthesis_stb_50_200_5/af-synthesis_stb_50_200_5.dat",
   "runs": [
    {
     "instance": 1,
     "evals": 677581,
     "best": {
      "evals": 677581,
      "y": 133
     }
    },
    {
     "instance": 1,
     "evals": 62660,
     "best": {
      "evals": 62660,
      "y": 155
     }
    },
    {
     "instance": 1,
     "evals": 27551,
     "best": {
      "evals": 27551,
      "y": 139
     }
    },
    {
     "instance": 1,
     "evals": 589680,
     "best": {
      "evals": 589680,
      "y": 147
     }
    },
    {
     "instance": 1,
     "evals": 10676,
     "best": {
      "evals": 10676,
      "y": 136
     }
    }
   ]
  }
 ]
}