{
 "version": "0.3.5",
 "suite": "maxSAT",
 "function_id": "1",
 "function_name": "instance6.dat",
 "maximization": false,
 "algorithm": {
  "name": "Nwuls",
  "info": "Nwuls"
 },
 "attributes": [
  "evaluations",
  "hard_unsat_nb",
  "soft_unsat_weight",
  "distance_to_the_last_best"
 ],
 "scenarios": [
  {
   "dimension": 21771,
   "path": "data_instance6/instance6.dat",
   "runs": [
    {
     "instance": 1,
     "evals": 46567646,
     "best": {
      "evals": 46567646,
      "y": 2081
     }
    },
    {
     "instance": 1,
     "evals": 206520456,
     "best": {
      "evals": 206520456,
      "y": 2194
     }
    },
    {
     "instance": 1,
     "evals": 759280709,
     "best": {
      "evals": 759280709,
      "y": 2184
     }
    },
    {
     "instance": 1,
     "evals": 497129934,
     "best": {
      "evals": 497129934,
      "y": 2091
     }
    },
    {
     "instance": 1,
     "evals": 535374337,
     "best": {
      "evals": 535374337,
      "y": 2185
     }
    }
   ]
  }
 ]
}