{
 "version": "0.3.5",
 "suite": "maxSAT",
 "function_id": "8",
 "function_name": "af-synthesis_stb_50_20_4.dat",
 "maximization": false,
 "algorithm": {
  "name": "SATLike",
  "info": "SATLike"
 },
 "attributes": [
  "evaluations",
  "hard_unsat_nb",
  "soft_unsat_weight",
  "distance_to_the_last_best"
 ],
 "scenarios": [
  {
   "dimension": 11497,
   "path": "data_af-synthesis_stb_50_20_4/af-synthesis_stb_50_20_4.dat",
   "runs": [
    {
     "instance": 1,
     "evals": 30000486,
     "best": {
      "evals": 30000486,
      "y": 135
     }
    },
    {
     "instance": 1,
     "evals": 30000907,
     "best": {
      "evals": 30000907,
      "y": 145
     }
    },
    {
     "instance": 1,
     "evals": 207,
     "best": {
      "evals": 207,
      "y": 142
     }
    },
    {
     "instance": 1,
     "evals": 27,
     "best": {
      "evals": 27,
      "y": 139
     }
    },
    {
     "instance": 1,
     "evals": 42,
     "best": {
      "evals": 42,
      "y": 146
     }
    }
   ]
  }
 ]
}