{
 "version": "0.3.5",
 "suite": "maxSAT",
 "function_id": "7",
 "function_name": "af-synthesis_stb_50_120_5.dat",
 "maximization": false,
 "algorithm": {
  "name": "BandMax",
  "info": "BandMax"
 },
 "attributes": [
  "evaluations",
  "hard_unsat_nb",
  "soft_unsat_weight",
  "distance_to_the_last_best"
 ],
 "scenarios": [
  {
   "dimension": 19227,
   "path": "data_af-synthesis_stb_50_120_5/af-synthesis_stb_50_120_5.dat",
   "runs": [
    {
     "instance": 1,
     "evals": 995615,
     "best": {
      "evals": 995615,
      "y": 132
     }
    },
    {
     "instance": 1,
     "evals": 30608838,
     "best": {
      "evals": 30608838,
      "y": 126
     }
    },
    {
     "instance": 1,
     "evals": 4737763,
     "best": {
      "evals": 4737763,
      "y": 135
     }
    },
    {
     "instance": 1,
     "evals": 15460030,
     "best": {
      "evals": 15460030,
      "y": 124
     }
    },
    {
     "instance": 1,
     "evals": 29865040,
     "best": {
      "evals": 29865040,
      "y": 129
     }
    }
   ]
  }
 ]
}