{
 "version": "0.3.5",
 "suite": "maxSAT",
 "function_id": "1",
 "function_name": "af-synthesis_stb_50_120_2.dat",
 "maximization": false,
 "algorithm": {
  "name": "Nwuls",
  "info": "Nwuls"
 },
 "attributes": [
  "evaluations",
  "hard_unsat_nb",
  "soft_unsat_weight",
  "distance_to_the_last_best"
 ],
 "scenarios": [
  {
   "dimension": 19189,
   "path": "data_af-synthesis_stb_50_120_2/af-synthesis_stb_50_120_2.dat",
   "runs": [
    {
     "instance": 1,
     "evals": 34114880,
     "best": {
      "evals": 34114880,
      "y": 109
     }
    },
    {
     "instance": 1,
     "evals": 12990889,
     "best": {
      "evals": 12990889,
      "y": 109
     }
    },
    {
     "instance": 1,
     "evals": 7192990,
     "best": {
      "evals": 7192990,
      "y": 109
     }
    },
    {
     "instance": 1,
     "evals": 41799072,
     "best": {
      "evals": 41799072,
      "y": 109
     }
    },
    {
     "instance": 1,
     "evals": 4863958,
     "best": {
      "evals": 4863958,
      "y": 109
     }
    }
   ]
  }
 ]
}