{
 "version": "0.3.5",
 "suite": "maxSAT",
 "function_id": "9",
 "function_name": "instance4.dat",
 "maximization": false,
 "algorithm": {
  "name": "Nwuls",
  "info": "Nwuls"
 },
 "attributes": [
  "evaluations",
  "hard_unsat_nb",
  "soft_unsat_weight",
  "distance_to_the_last_best"
 ],
 "scenarios": [
  {
   "dimension": 7010,
   "path": "data_instance4/instance4.dat",
   "runs": [
    {
     "instance": 1,
     "evals": 916980705,
     "best": {
      "evals": 916980705,
      "y": 1726
     }
    },
    {
     "instance": 1,
     "evals": 1212556012,
     "best": {
      "evals": 1212556012,
      "y": 1729
     }
    },
    {
     "instance": 1,
     "evals": 1038908751,
     "best": {
      "evals": 1038908751,
      "y": 1723
     }
    },
    {
     "instance": 1,
     "evals": 1326281125,
     "best": {
      "evals": 1326281125,
      "y": 1728
     }
    },
    {
     "instance": 1,
     "evals": 353863305,
     "best": {
      "evals": 353863305,
      "y": 1723
     }
    }
   ]
  }
 ]
}