{
 "version": "0.3.5",
 "suite": "maxSAT",
 "function_id": "6",
 "function_name": "af-synthesis_stb_50_80_8.dat",
 "maximization": false,
 "algorithm": {
  "name": "Nwuls",
  "info": "Nwuls"
 },
 "attributes": [
  "evaluations",
  "hard_unsat_nb",
  "soft_unsat_weight",
  "distance_to_the_last_best"
 ],
 "scenarios": [
  {
   "dimension": 16118,
   "path": "data_af-synthesis_stb_50_80_8/af-synthesis_stb_50_80_8.dat",
   "runs": [
    {
     "instance": 1,
     "evals": 12735593,
     "best": {
      "evals": 12735593,
      "y": 117
     }
    },
    {
     "instance": 1,
     "evals": 33907160,
     "best": {
      "evals": 33907160,
      "y": 116
     }
    },
    {
     "instance": 1,
     "evals": 4118161,
     "best": {
      "evals": 4118161,
      "y": 117
     }
    },
    {
     "instance": 1,
     "evals": 28436493,
     "best": {
      "evals": 28436493,
      "y": 117
     }
    },
    {
     "instance": 1,
     "evals": 11161279,
     "best": {
      "evals": 11161279,
      "y": 116
     }
    }
   ]
  }
 ]
}