{
 "version": "0.3.5",
 "suite": "maxSAT",
 "function_id": "2",
 "function_name": "ram_k3_n20.ra1.dat",
 "maximization": false,
 "algorithm": {
  "name": "SATLike",
  "info": "SATLike"
 },
 "attributes": [
  "evaluations",
  "hard_unsat_nb",
  "soft_unsat_weight",
  "distance_to_the_last_best"
 ],
 "scenarios": [
  {
   "dimension": 190,
   "path": "data_ram_k3_n20.ra1/ram_k3_n20.ra1.dat",
   "runs": [
    {
     "instance": 1,
     "evals": 2004435,
     "best": {
      "evals": 2004435,
      "y": 23898
     }
    },
    {
     "instance": 1,
     "evals": 2130795,
     "best": {
      "evals": 2130795,
      "y": 23898
     }
    },
    {
     "instance": 1,
     "evals": 309604,
     "best": {
      "evals": 309604,
      "y": 23898
     }
    },
    {
     "instance": 1,
     "evals": 1406262,
     "best": {
      "evals": 1406262,
      "y": 23898
     }
    },
    {
     "instance": 1,
     "evals": 1821561,
     "best": {
      "evals": 1821561,
      "y": 23898
     }
    }
   ]
  }
 ]
}