{
 "version": "0.3.5",
 "suite": "maxSAT",
 "function_id": "9",
 "function_name": "af-synthesis_stb_50_140_8.dat",
 "maximization": false,
 "algorithm": {
  "name": "Nwuls",
  "info": "Nwuls"
 },
 "attributes": [
  "evaluations",
  "hard_unsat_nb",
  "soft_unsat_weight",
  "distance_to_the_last_best"
 ],
 "scenarios": [
  {
   "dimension": 20773,
   "path": "data_af-synthesis_stb_50_140_8/af-synthesis_stb_50_140_8.dat",
   "runs": [
    {
     "instance": 1,
     "evals": 7592913,
     "best": {
      "evals": 7592913,
      "y": 114
     }
    },
    {
     "instance": 1,
     "evals": 11941757,
     "best": {
      "evals": 11941757,
      "y": 113
     }
    },
    {
     "instance": 1,
     "evals": 2551921,
     "best": {
      "evals": 2551921,
      "y": 114
     }
    },
    {
     "instance": 1,
     "evals": 4305704,
     "best": {
      "evals": 4305704,
      "y": 113
     }
    },
    {
     "instance": 1,
     "evals": 12523103,
     "best": {
      "evals": 12523103,
      "y": 113
     }
    }
   ]
  }
 ]
}