{
 "version": "0.3.5",
 "suite": "maxSAT",
 "function_id": "7",
 "function_name": "af-synthesis_stb_50_120_5.dat",
 "maximization": false,
 "algorithm": {
  "name": "MaxFPS",
  "info": "MaxFPS"
 },
 "attributes": [
  "evaluations",
  "hard_unsat_nb",
  "soft_unsat_weight",
  "distance_to_the_last_best"
 ],
 "scenarios": [
  {
   "dimension": 19227,
   "path": "data_af-synthesis_stb_50_120_5/af-synthesis_stb_50_120_5.dat",
   "runs": [
    {
     "instance": 1,
     "evals": 2720,
     "best": {
      "evals": 2720,
      "y": 140
     }
    },
    {
     "instance": 1,
     "evals": 254,
     "best": {
      "evals": 254,
      "y": 153
     }
    },
    {
     "instance": 1,
     "evals": 36533920,
     "best": {
      "evals": 36533920,
      "y": 134
     }
    },
    {
     "instance": 1,
     "evals": 202305,
     "best": {
      "evals": 202305,
      "y": 146
     }
    },
    {
     "instance": 1,
     "evals": 270,
     "best": {
      "evals": 270,
      "y": 150
     }
    }
   ]
  }
 ]
}