{
 "version": "0.3.5",
 "suite": "maxSAT",
 "function_id": "8",
 "function_name": "instance11.dat",
 "maximization": false,
 "algorithm": {
  "name": "BandMax",
  "info": "BandMax"
 },
 "attributes": [
  "evaluations",
  "hard_unsat_nb",
  "soft_unsat_weight",
  "distance_to_the_last_best"
 ],
 "scenarios": [
  {
   "dimension": 239450,
   "path": "data_instance11/instance11.dat",
   "runs": [
    {
     "instance": 1,
     "evals": 60721637,
     "best": {
      "evals": 60721637,
      "y": 3740
     }
    },
    {
     "instance": 1,
     "evals": 77585718,
     "best": {
      "evals": 77585718,
      "y": 3776
     }
    },
    {
     "instance": 1,
     "evals": 199834330,
     "best": {
      "evals": 199834330,
      "y": 3664
     }
    },
    {
     "instance": 1,
     "evals": 192829151,
     "best": {
      "evals": 192829151,
      "y": 3662
     }
    },
    {
     "instance": 1,
     "evals": 131160470,
     "best": {
      "evals": 131160470,
      "y": 3707
     }
    }
   ]
  }
 ]
}