{
 "version": "0.3.5",
 "suite": "maxSAT",
 "function_id": "2",
 "function_name": "ram_k3_n20.ra1.dat",
 "maximization": false,
 "algorithm": {
  "name": "Nwuls",
  "info": "Nwuls"
 },
 "attributes": [
  "evaluations",
  "hard_unsat_nb",
  "soft_unsat_weight",
  "distance_to_the_last_best"
 ],
 "scenarios": [
  {
   "dimension": 190,
   "path": "data_ram_k3_n20.ra1/ram_k3_n20.ra1.dat",
   "runs": [
    {
     "instance": 1,
     "evals": 7956332,
     "best": {
      "evals": 7956332,
      "y": 23898
     }
    },
    {
     "instance": 1,
     "evals": 966182,
     "best": {
      "evals": 966182,
      "y": 23898
     }
    },
    {
     "instance": 1,
     "evals": 630359,
     "best": {
      "evals": 630359,
      "y": 23898
     }
    },
    {
     "instance": 1,
     "evals": 2576845,
     "best": {
      "evals": 2576845,
      "y": 23898
     }
    },
    {
     "instance": 1,
     "evals": 8508006,
     "best": {
      "evals": 8508006,
      "y": 23898
     }
    }
   ]
  }
 ]
}