{
 "version": "0.3.5",
 "suite": "maxSAT",
 "function_id": "6",
 "function_name": "af-synthesis_stb_50_80_8.dat",
 "maximization": false,
 "algorithm": {
  "name": "MaxFPS",
  "info": "MaxFPS"
 },
 "attributes": [
  "evaluations",
  "hard_unsat_nb",
  "soft_unsat_weight",
  "distance_to_the_last_best"
 ],
 "scenarios": [
  {
   "dimension": 16118,
   "path": "data_af-synthesis_stb_50_80_8/af-synthesis_stb_50_80_8.dat",
   "runs": [
    {
     "instance": 1,
     "evals": 94,
     "best": {
      "evals": 94,
      "y": 156
     }
    },
    {
     "instance": 1,
     "evals": 410,
     "best": {
      "evals": 410,
      "y": 141
     }
    },
    {
     "instance": 1,
     "evals": 16111097,
     "best": {
      "evals": 16111097,
      "y": 146
     }
    },
    {
     "instance": 1,
     "evals": 61977,
     "best": {
      "evals": 61977,
      "y": 142
     }
    },
    {
     "instance": 1,
     "evals": 344,
     "best": {
      "evals": 344,
      "y": 145
     }
    }
   ]
  }
 ]
}