{
 "version": "0.3.5",
 "suite": "maxSAT",
 "function_id": "6",
 "function_name": "ram_k3_n19.ra1.dat",
 "maximization": false,
 "algorithm": {
  "name": "BandMax",
  "info": "BandMax"
 },
 "attributes": [
  "evaluations",
  "hard_unsat_nb",
  "soft_unsat_weight",
  "distance_to_the_last_best"
 ],
 "scenarios": [
  {
   "dimension": 171,
   "path": "data_ram_k3_n19.ra1/ram_k3_n19.ra1.dat",
   "runs": [
    {
     "instance": 1,
     "evals": 78060347,
     "best": {
      "evals": 78060347,
      "y": 21052
     }
    },
    {
     "instance": 1,
     "evals": 3724,
     "best": {
      "evals": 3724,
      "y": 20841
     }
    },
    {
     "instance": 1,
     "evals": 140908839,
     "best": {
      "evals": 140908839,
      "y": 20665
     }
    },
    {
     "instance": 1,
     "evals": 107860055,
     "best": {
      "evals": 107860055,
      "y": 21016
     }
    },
    {
     "instance": 1,
     "evals": 131774611,
     "best": {
      "evals": 131774611,
      "y": 21149
     }
    }
   ]
  }
 ]
}