{
 "version": "0.3.5",
 "suite": "maxSAT",
 "function_id": "9",
 "function_name": "af-synthesis_stb_50_140_8.dat",
 "maximization": false,
 "algorithm": {
  "name": "SATLike",
  "info": "SATLike"
 },
 "attributes": [
  "evaluations",
  "hard_unsat_nb",
  "soft_unsat_weight",
  "distance_to_the_last_best"
 ],
 "scenarios": [
  {
   "dimension": 20773,
   "path": "data_af-synthesis_stb_50_140_8/af-synthesis_stb_50_140_8.dat",
   "runs": [
    {
     "instance": 1,
     "evals": 10000870,
     "best": {
      "evals": 10000870,
      "y": 150
     }
    },
    {
     "instance": 1,
     "evals": 20000780,
     "best": {
      "evals": 20000780,
      "y": 142
     }
    },
    {
     "instance": 1,
     "evals": 20006070,
     "best": {
      "evals": 20006070,
      "y": 135
     }
    },
    {
     "instance": 1,
     "evals": 10003659,
     "best": {
      "evals": 10003659,
      "y": 145
     }
    },
    {
     "instance": 1,
     "evals": 20000650,
     "best": {
      "evals": 20000650,
      "y": 159
     }
    }
   ]
  }
 ]
}