{
 "version": "0.3.5",
 "suite": "maxSAT",
 "function_id": "2",
 "function_name": "instance3.dat",
 "maximization": false,
 "algorithm": {
  "name": "SATLike",
  "info": "SATLike"
 },
 "attributes": [
  "evaluations",
  "hard_unsat_nb",
  "soft_unsat_weight",
  "distance_to_the_last_best"
 ],
 "scenarios": [
  {
   "dimension": 13155,
   "path": "data_instance3/instance3.dat",
   "runs": [
    {
     "instance": 1,
     "evals": 1078158027,
     "best": {
      "evals": 1078158027,
      "y": 1040
     }
    },
    {
     "instance": 1,
     "evals": 585058667,
     "best": {
      "evals": 585058667,
      "y": 1032
     }
    },
    {
     "instance": 1,
     "evals": 232998611,
     "best": {
      "evals": 232998611,
      "y": 1041
     }
    },
    {
     "instance": 1,
     "evals": 530643814,
     "best": {
      "evals": 530643814,
      "y": 1042
     }
    },
    {
     "instance": 1,
     "evals": 1174457836,
     "best": {
      "evals": 1174457836,
      "y": 1030
     }
    }
   ]
  }
 ]
}