{
 "version": "0.3.5",
 "suite": "maxSAT",
 "function_id": "8",
 "function_name": "af-synthesis_stb_50_20_4.dat",
 "maximization": false,
 "algorithm": {
  "name": "Nwuls",
  "info": "Nwuls"
 },
 "attributes": [
  "evaluations",
  "hard_unsat_nb",
  "soft_unsat_weight",
  "distance_to_the_last_best"
 ],
 "scenarios": [
  {
   "dimension": 11497,
   "path": "data_af-synthesis_stb_50_20_4/af-synthesis_stb_50_20_4.dat",
   "runs": [
    {
     "instance": 1,
     "evals": 206859,
     "best": {
      "evals": 206859,
      "y": 117
     }
    },
    {
     "instance": 1,
     "evals": 10313893,
     "best": {
      "evals": 10313893,
      "y": 117
     }
    },
    {
     "instance": 1,
     "evals": 1361609,
     "best": {
      "evals": 1361609,
      "y": 117
     }
    },
    {
     "instance": 1,
     "evals": 5511487,
     "best": {
      "evals": 5511487,
      "y": 117
     }
    },
    {
     "instance": 1,
     "evals": 12924845,
     "best": {
      "evals": 12924845,
      "y": 117
     }
    }
   ]
  }
 ]
}