{
 "version": "0.3.5",
 "suite": "maxSAT",
 "function_id": "2",
 "function_name": "af-synthesis_stb_50_40_8.dat",
 "maximization": false,
 "algorithm": {
  "name": "Nwuls",
  "info": "Nwuls"
 },
 "attributes": [
  "evaluations",
  "hard_unsat_nb",
  "soft_unsat_weight",
  "distance_to_the_last_best"
 ],
 "scenarios": [
  {
   "dimension": 13043,
   "path": "data_af-synthesis_stb_50_40_8/af-synthesis_stb_50_40_8.dat",
   "runs": [
    {
     "instance": 1,
     "evals": 15303475,
     "best": {
      "evals": 15303475,
      "y": 117
     }
    },
    {
     "instance": 1,
     "evals": 2348312,
     "best": {
      "evals": 2348312,
      "y": 117
     }
    },
    {
     "instance": 1,
     "evals": 4203876,
     "best": {
      "evals": 4203876,
      "y": 117
     }
    },
    {
     "instance": 1,
     "evals": 809494,
     "best": {
      "evals": 809494,
      "y": 117
     }
    },
    {
     "instance": 1,
     "evals": 2883356,
     "best": {
      "evals": 2883356,
      "y": 117
     }
    }
   ]
  }
 ]
}