{
 "version": "0.3.5",
 "suite": "maxSAT",
 "function_id": "1",
 "function_name": "instance6.dat",
 "maximization": false,
 "algorithm": {
  "name": "BandMax",
  "info": "BandMax"
 },
 "attributes": [
  "evaluations",
  "hard_unsat_nb",
  "soft_unsat_weight",
  "distance_to_the_last_best"
 ],
 "scenarios": [
  {
   "dimension": 21771,
   "path": "data_instance6/instance6.dat",
   "runs": [
    {
     "instance": 1,
     "evals": 212394843,
     "best": {
      "evals": 212394843,
      "y": 2192
     }
    },
    {
     "instance": 1,
     "evals": 303531450,
     "best": {
      "evals": 303531450,
      "y": 2188
     }
    },
    {
     "instance": 1,
     "evals": 25874736,
     "best": {
      "evals": 25874736,
      "y": 2227
     }
    },
    {
     "instance": 1,
     "evals": 34259120,
     "best": {
      "evals": 34259120,
      "y": 2193
     }
    },
    {
     "instance": 1,
     "evals": 99506776,
     "best": {
      "evals": 99506776,
      "y": 2128
     }
    }
   ]
  }
 ]
}