{
 "version": "0.3.5",
 "suite": "maxSAT",
 "function_id": "8",
 "function_name": "ram_k3_n15.ra1.dat",
 "maximization": false,
 "algorithm": {
  "name": "MaxFPS",
  "info": "MaxFPS"
 },
 "attributes": [
  "evaluations",
  "hard_unsat_nb",
  "soft_unsat_weight",
  "distance_to_the_last_best"
 ],
 "scenarios": [
  {
   "dimension": 105,
   "path": "data_ram_k3_n15.ra1/ram_k3_n15.ra1.dat",
   "runs": [
    {
     "instance": 1,
     "evals": 138177,
     "best": {
      "evals": 138177,
      "y": 4884
     }
    },
    {
     "instance": 1,
     "evals": 2539132,
     "best": {
      "evals": 2539132,
      "y": 4884
     }
    },
    {
     "instance": 1,
     "evals": 2108056,
     "best": {
      "evals": 2108056,
      "y": 4884
     }
    },
    {
     "instance": 1,
     "evals": 437519,
     "best": {
      "evals": 437519,
      "y": 4884
     }
    },
    {
     "instance": 1,
     "evals": 116175,
     "best": {
      "evals": 116175,
      "y": 4884
     }
    }
   ]
  }
 ]
}