{
 "version": "0.3.5",
 "suite": "maxSAT",
 "function_id": "2",
 "function_name": "af-synthesis_stb_50_40_8.dat",
 "maximization": false,
 "algorithm": {
  "name": "BandMax",
  "info": "BandMax"
 },
 "attributes": [
  "evaluations",
  "hard_unsat_nb",
  "soft_unsat_weight",
  "distance_to_the_last_best"
 ],
 "scenarios": [
  {
   "dimension": 13043,
   "path": "data_af-synthesis_stb_50_40_8/af-synthesis_stb_50_40_8.dat",
   "runs": [
    {
     "instance": 1,
     "evals": 2829853,
     "best": {
      "evals": 2829853,
      "y": 130
     }
    },
    {
     "instance": 1,
     "evals": 37766463,
     "best": {
      "evals": 37766463,
      "y": 130
     }
    },
    {
     "instance": 1,
     "evals": 11498583,
     "best": {
      "evals": 11498583,
      "y": 129
     }
    },
    {
     "instance": 1,
     "evals": 3312490,
     "best": {
      "evals": 3312490,
      "y": 127
     }
    },
    {
     "instance": 1,
     "evals": 12545494,
     "best": {
      "evals": 12545494,
      "y": 124
     }
    }
   ]
  }
 ]
}