{
 "version": "0.3.5",
 "suite": "maxSAT",
 "function_id": "4",
 "function_name": "instance12.dat",
 "maximization": false,
 "algorithm": {
  "name": "SATLike",
  "info": "SATLike"
 },
 "attributes": [
  "evaluations",
  "hard_unsat_nb",
  "soft_unsat_weight",
  "distance_to_the_last_best"
 ],
 "scenarios": [
  {
   "dimension": 558350,
   "path": "data_instance12/instance12.dat",
   "runs": [
    {
     "instance": 1,
     "evals": 175136630,
     "best": {
      "evals": 175136630,
      "y": 7919
     }
    },
    {
     "instance": 1,
     "evals": 200577254,
     "best": {
      "evals": 200577254,
      "y": 7599
     }
    },
    {
     "instance": 1,
     "evals": 2611952,
     "best": {
      "evals": 2611952,
      "y": 7677
     }
    },
    {
     "instance": 1,
     "evals": 2504019,
     "best": {
      "evals": 2504019,
      "y": 7294
     }
    },
    {
     "instance": 1,
     "evals": 139266409,
     "best": {
      "evals": 139266409,
      "y": 7704
     }
    }
   ]
  }
 ]
}