{
 "version": "0.3.5",
 "suite": "maxSAT",
 "function_id": "6",
 "function_name": "instance9.dat",
 "maximization": false,
 "algorithm": {
  "name": "MaxFPS",
  "info": "MaxFPS"
 },
 "attributes": [
  "evaluations",
  "hard_unsat_nb",
  "soft_unsat_weight",
  "distance_to_the_last_best"
 ],
 "scenarios": [
  {
   "dimension": 287144,
   "path": "data_instance9/instance9.dat",
   "runs": [
    {
     "instance": 1,
     "evals": 142357891,
     "best": {
      "evals": 142357891,
      "y": 1730
     }
    },
    {
     "instance": 1,
     "evals": 235047430,
     "best": {
      "evals": 235047430,
      "y": 1836
     }
    },
    {
     "instance": 1,
     "evals": 478641798,
     "best": {
      "evals": 478641798,
      "y": 1816
     }
    },
    {
     "instance": 1,
     "evals": 423140148,
     "best": {
      "evals": 423140148,
      "y": 1752
     }
    },
    {
     "instance": 1,
     "evals": 383587631,
     "best": {
      "evals": 383587631,
      "y": 1823
     }
    }
   ]
  }
 ]
}