{
 "version": "0.3.5",
 "suite": "maxSAT",
 "function_id": "8",
 "function_name": "instance11.dat",
 "maximization": false,
 "algorithm": {
  "name": "SATLike",
  "info": "SATLike"
 },
 "attributes": [
  "evaluations",
  "hard_unsat_nb",
  "soft_unsat_weight",
  "distance_to_the_last_best"
 ],
 "scenarios": [
  {
   "dimension": 239450,
   "path": "data_instance11/instance11.dat",
   "runs": [
    {
     "instance": 1,
     "evals": 32803840,
     "best": {
      "evals": 32803840,
      "y": 3788
     }
    },
    {
     "instance": 1,
     "evals": 418903723,
     "best": {
      "evals": 418903723,
      "y": 3817
     }
    },
    {
     "instance": 1,
     "evals": 375503467,
     "best": {
      "evals": 375503467,
      "y": 3765
     }
    },
    {
     "instance": 1,
     "evals": 102160651,
     "best": {
      "evals": 102160651,
      "y": 3787
     }
    },
    {
     "instance": 1,
     "evals": 216822039,
     "best": {
      "evals": 216822039,
      "y": 3704
     }
    }
   ]
  }
 ]
}