{
 "version": "0.3.5",
 "suite": "maxSAT",
 "function_id": "7",
 "function_name": "instance10.dat",
 "maximization": false,
 "algorithm": {
  "name": "SATLike",
  "info": "SATLike"
 },
 "attributes": [
  "evaluations",
  "hard_unsat_nb",
  "soft_unsat_weight",
  "distance_to_the_last_best"
 ],
 "scenarios": [
  {
   "dimension": 440296,
   "path": "data_instance10/instance10.dat",
   "runs": [
    {
     "instance": 1,
     "evals": 198462644,
     "best": {
      "evals": 198462644,
      "y": 6408
     }
    },
    {
     "instance": 1,
     "evals": 292532039,
     "best": {
      "evals": 292532039,
      "y": 6715
     }
    },
    {
     "instance": 1,
     "evals": 296992115,
     "best": {
      "evals": 296992115,
      "y": 6386
     }
    },
    {
     "instance": 1,
     "evals": 140810635,
     "best": {
      "evals": 140810635,
      "y": 6794
     }
    },
    {
     "instance": 1,
     "evals": 28360217,
     "best": {
      "evals": 28360217,
      "y": 6524
     }
    }
   ]
  }
 ]
}