{
 "version": "0.3.5",
 "suite": "maxSAT",
 "function_id": "7",
 "function_name": "ram_k4_n20.ra1.dat",
 "maximization": false,
 "algorithm": {
  "name": "MaxFPS",
  "info": "MaxFPS"
 },
 "attributes": [
  "evaluations",
  "hard_unsat_nb",
  "soft_unsat_weight",
  "distance_to_the_last_best"
 ],
 "scenarios": [
  {
   "dimension": 190,
   "path": "data_ram_k4_n20.ra1/ram_k4_n20.ra1.dat",
   "runs": [
    {
     "instance": 1,
     "evals": 111378705,
     "best": {
      "evals": 111378705,
      "y": 2954
     }
    },
    {
     "instance": 1,
     "evals": 114869569,
     "best": {
      "evals": 114869569,
      "y": 2419
     }
    },
    {
     "instance": 1,
     "evals": 82270424,
     "best": {
      "evals": 82270424,
      "y": 2942
     }
    },
    {
     "instance": 1,
     "evals": 131710560,
     "best": {
      "evals": 131710560,
      "y": 3004
     }
    },
    {
     "instance": 1,
     "evals": 91999024,
     "best": {
      "evals": 91999024,
      "y": 2569
     }
    }
   ]
  }
 ]
}