{
 "version": "0.3.5",
 "suite": "maxSAT",
 "function_id": "6",
 "function_name": "ram_k3_n19.ra1.dat",
 "maximization": false,
 "algorithm": {
  "name": "SATLike",
  "info": "SATLike"
 },
 "attributes": [
  "evaluations",
  "hard_unsat_nb",
  "soft_unsat_weight",
  "distance_to_the_last_best"
 ],
 "scenarios": [
  {
   "dimension": 171,
   "path": "data_ram_k3_n19.ra1/ram_k3_n19.ra1.dat",
   "runs": [
    {
     "instance": 1,
     "evals": 7622209,
     "best": {
      "evals": 7622209,
      "y": 20665
     }
    },
    {
     "instance": 1,
     "evals": 6256239,
     "best": {
      "evals": 6256239,
      "y": 20665
     }
    },
    {
     "instance": 1,
     "evals": 4544847,
     "best": {
      "evals": 4544847,
      "y": 20665
     }
    },
    {
     "instance": 1,
     "evals": 2144220,
     "best": {
      "evals": 2144220,
      "y": 20665
     }
    },
    {
     "instance": 1,
     "evals": 11443904,
     "best": {
      "evals": 11443904,
      "y": 20665
     }
    }
   ]
  }
 ]
}