{
 "version": "0.3.5",
 "suite": "maxSAT",
 "function_id": "1",
 "function_name": "af-synthesis_stb_50_120_2.dat",
 "maximization": false,
 "algorithm": {
  "name": "MaxFPS",
  "info": "MaxFPS"
 },
 "attributes": [
  "evaluations",
  "hard_unsat_nb",
  "soft_unsat_weight",
  "distance_to_the_last_best"
 ],
 "scenarios": [
  {
   "dimension": 19189,
   "path": "data_af-synthesis_stb_50_120_2/af-synthesis_stb_50_120_2.dat",
   "runs": [
    {
     "instance": 1,
     "evals": 157754,
     "best": {
      "evals": 157754,
      "y": 137
     }
    },
    {
     "instance": 1,
     "evals": 38053398,
     "best": {
      "evals": 38053398,
      "y": 154
     }
    },
    {
     "instance": 1,
     "evals": 15874,
     "best": {
      "evals": 15874,
      "y": 130
     }
    },
    {
     "instance": 1,
     "evals": 6649951,
     "best": {
      "evals": 6649951,
      "y": 150
     }
    },
    {
     "instance": 1,
     "evals": 5567167,
     "best": {
      "evals": 5567167,
      "y": 157
     }
    }
   ]
  }
 ]
}