{
 "version": "0.3.5",
 "suite": "maxSAT",
 "function_id": "8",
 "function_name": "af-synthesis_stb_50_20_4.dat",
 "maximization": false,
 "algorithm": {
  "name": "MaxFPS",
  "info": "MaxFPS"
 },
 "attributes": [
  "evaluations",
  "hard_unsat_nb",
  "soft_unsat_weight",
  "distance_to_the_last_best"
 ],
 "scenarios": [
  {
   "dimension": 11497,
   "path": "data_af-synthesis_stb_50_20_4/af-synthesis_stb_50_20_4.dat",
   "runs": [
    {
     "instance": 1,
     "evals": 38596163,
     "best": {
      "evals": 38596163,
      "y": 129
     }
    },
    {
     "instance": 1,
     "evals": 13464587,
     "best": {
      "evals": 13464587,
      "y": 136
     }
    },
    {
     "instance": 1,
     "evals": 17717,
     "best": {
      "evals": 17717,
      "y": 135
     }
    },
    {
     "instance": 1,
     "evals": 8012282,
     "best": {
      "evals": 8012282,
      "y": 133
     }
    },
    {
     "instance": 1,
     "evals": 14597,
     "best": {
      "evals": 14597,
      "y": 131
     }
    }
   ]
  }
 ]
}