{
 "version": "0.3.5",
 "suite": "maxSAT",
 "function_id": "3",
 "function_name": "instance8.dat",
 "maximization": false,
 "algorithm": {
  "name": "Nwuls",
  "info": "Nwuls"
 },
 "attributes": [
  "evaluations",
  "hard_unsat_nb",
  "soft_unsat_weight",
  "distance_to_the_last_best"
 ],
 "scenarios": [
  {
   "dimension": 81096,
   "path": "data_instance8/instance8.dat",
   "runs": [
    {
     "instance": 1,
     "evals": 56631474,
     "best": {
      "evals": 56631474,
      "y": 2848
     }
    },
    {
     "instance": 1,
     "evals": 265583056,
     "best": {
      "evals": 265583056,
      "y": 2978
     }
    },
    {
     "instance": 1,
     "evals": 503640697,
     "best": {
      "evals": 503640697,
      "y": 3171
     }
    },
    {
     "instance": 1,
     "evals": 45253981,
     "best": {
      "evals": 45253981,
      "y": 2850
     }
    },
    {
     "instance": 1,
     "evals": 230188532,
     "best": {
      "evals": 230188532,
      "y": 3288
     }
    }
   ]
  }
 ]
}