{
 "version": "0.3.5",
 "suite": "maxSAT",
 "function_id": "7",
 "function_name": "instance10.dat",
 "maximization": false,
 "algorithm": {
  "name": "MaxFPS",
  "info": "MaxFPS"
 },
 "attributes": [
  "evaluations",
  "hard_unsat_nb",
  "soft_unsat_weight",
  "distance_to_the_last_best"
 ],
 "scenarios": [
  {
   "dimension": 440296,
   "path": "data_instance10/instance10.dat",
   "runs": [
    {
     "instance": 1,
     "evals": 265741217,
     "best": {
      "evals": 265741217,
      "y": 5572
     }
    },
    {
     "instance": 1,
     "evals": 60327714,
     "best": {
      "evals": 60327714,
      "y": 5705
     }
    },
    {
     "instance": 1,
     "evals": 44537689,
     "best": {
      "evals": 44537689,
      "y": 5710
     }
    },
    {
     "instance": 1,
     "evals": 370363247,
     "best": {
      "evals": 370363247,
      "y": 5414
     }
    },
    {
     "instance": 1,
     "evals": 46116560,
     "best": {
      "evals": 46116560,
      "y": 5819
     }
    }
   ]
  }
 ]
}