{
 "version": "0.3.5",
 "suite": "maxSAT",
 "function_id": "6",
 "function_name": "instance9.dat",
 "maximization": false,
 "algorithm": {
  "name": "BandMax",
  "info": "BandMax"
 },
 "attributes": [
  "evaluations",
  "hard_unsat_nb",
  "soft_unsat_weight",
  "distance_to_the_last_best"
 ],
 "scenarios": [
  {
   "dimension": 287144,
   "path": "data_instance9/instance9.dat",
   "runs": [
    {
     "instance": 1,
     "evals": 29525237,
     "best": {
      "evals": 29525237,
      "y": 2326
     }
    },
    {
     "instance": 1,
     "evals": 91868370,
     "best": {
      "evals": 91868370,
      "y": 2016
     }
    },
    {
     "instance": 1,
     "evals": 229014406,
     "best": {
      "evals": 229014406,
      "y": 2333
     }
    },
    {
     "instance": 1,
     "evals": 43541964,
     "best": {
      "evals": 43541964,
      "y": 2311
     }
    },
    {
     "instance": 1,
     "evals": 108834576,
     "best": {
      "evals": 108834576,
      "y": 2223
     }
    }
   ]
  }
 ]
}