{
 "version": "0.3.5",
 "suite": "maxSAT",
 "function_id": "3",
 "function_name": "ram_k3_n18.ra1.dat",
 "maximization": false,
 "algorithm": {
  "name": "BandMax",
  "info": "BandMax"
 },
 "attributes": [
  "evaluations",
  "hard_unsat_nb",
  "soft_unsat_weight",
  "distance_to_the_last_best"
 ],
 "scenarios": [
  {
   "dimension": 153,
   "path": "data_ram_k3_n18.ra1/ram_k3_n18.ra1.dat",
   "runs": [
    {
     "instance": 1,
     "evals": 101495495,
     "best": {
      "evals": 101495495,
      "y": 15621
     }
    },
    {
     "instance": 1,
     "evals": 26867,
     "best": {
      "evals": 26867,
      "y": 16007
     }
    },
    {
     "instance": 1,
     "evals": 26529784,
     "best": {
      "evals": 26529784,
      "y": 15925
     }
    },
    {
     "instance": 1,
     "evals": 1114463,
     "best": {
      "evals": 1114463,
      "y": 16024
     }
    },
    {
     "instance": 1,
     "evals": 52426755,
     "best": {
      "evals": 52426755,
      "y": 16007
     }
    }
   ]
  }
 ]
}