{
 "version": "0.3.5",
 "suite": "maxSAT",
 "function_id": "6",
 "function_name": "instance9.dat",
 "maximization": false,
 "algorithm": {
  "name": "Nwuls",
  "info": "Nwuls"
 },
 "attributes": [
  "evaluations",
  "hard_unsat_nb",
  "soft_unsat_weight",
  "distance_to_the_last_best"
 ],
 "scenarios": [
  {
   "dimension": 287144,
   "path": "data_instance9/instance9.dat",
   "runs": [
    {
     "instance": 1,
     "evals": 147304105,
     "best": {
      "evals": 147304105,
      "y": 2142
     }
    },
    {
     "instance": 1,
     "evals": 305283395,
     "best": {
      "evals": 305283395,
      "y": 2163
     }
    },
    {
     "instance": 1,
     "evals": 399280296,
     "best": {
      "evals": 399280296,
      "y": 2294
     }
    },
    {
     "instance": 1,
     "evals": 333395106,
     "best": {
      "evals": 333395106,
      "y": 2240
     }
    },
    {
     "instance": 1,
     "evals": 167126855,
     "best": {
      "evals": 167126855,
      "y": 1871
     }
    }
   ]
  }
 ]
}