{
 "version": "0.3.5",
 "suite": "maxSAT",
 "function_id": "4",
 "function_name": "instance12.dat",
 "maximization": false,
 "algorithm": {
  "name": "BandMax",
  "info": "BandMax"
 },
 "attributes": [
  "evaluations",
  "hard_unsat_nb",
  "soft_unsat_weight",
  "distance_to_the_last_best"
 ],
 "scenarios": [
  {
   "dimension": 558350,
   "path": "data_instance12/instance12.dat",
   "runs": [
    {
     "instance": 1,
     "evals": 195382113,
     "best": {
      "evals": 195382113,
      "y": 7093
     }
    },
    {
     "instance": 1,
     "evals": 248837602,
     "best": {
      "evals": 248837602,
      "y": 7314
     }
    },
    {
     "instance": 1,
     "evals": 205209340,
     "best": {
      "evals": 205209340,
      "y": 7510
     }
    },
    {
     "instance": 1,
     "evals": 121478355,
     "best": {
      "evals": 121478355,
      "y": 7011
     }
    },
    {
     "instance": 1,
     "evals": 20056159,
     "best": {
      "evals": 20056159,
      "y": 7502
     }
    }
   ]
  }
 ]
}