{
 "version": "0.3.5",
 "suite": "maxSAT",
 "function_id": "3",
 "function_name": "af-synthesis_stb_50_200_5.dat",
 "maximization": false,
 "algorithm": {
  "name": "SATLike",
  "info": "SATLike"
 },
 "attributes": [
  "evaluations",
  "hard_unsat_nb",
  "soft_unsat_weight",
  "distance_to_the_last_best"
 ],
 "scenarios": [
  {
   "dimension": 25066,
   "path": "data_af-synthesis_stb_50_200_5/af-synthesis_stb_50_200_5.dat",
   "runs": [
    {
     "instance": 1,
     "evals": 10002355,
     "best": {
      "evals": 10002355,
      "y": 141
     }
    },
    {
     "instance": 1,
     "evals": 10006568,
     "best": {
      "evals": 10006568,
      "y": 168
     }
    },
    {
     "instance": 1,
     "evals": 2045,
     "best": {
      "evals": 2045,
      "y": 139
     }
    },
    {
     "instance": 1,
     "evals": 10071693,
     "best": {
      "evals": 10071693,
      "y": 134
     }
    },
    {
     "instance": 1,
     "evals": 10081902,
     "best": {
      "evals": 10081902,
      "y": 150
     }
    }
   ]
  }
 ]
}