{
 "version": "0.3.5",
 "suite": "maxSAT",
 "function_id": "4",
 "function_name": "ram_k3_n13.ra1.dat",
 "maximization": false,
 "algorithm": {
  "name": "MaxFPS",
  "info": "MaxFPS"
 },
 "attributes": [
  "evaluations",
  "hard_unsat_nb",
  "soft_unsat_weight",
  "distance_to_the_last_best"
 ],
 "scenarios": [
  {
   "dimension": 78,
   "path": "data_ram_k3_n13.ra1/ram_k3_n13.ra1.dat",
   "runs": [
    {
     "instance": 1,
     "evals": 64060,
     "best": {
      "evals": 64060,
      "y": 1417
     }
    },
    {
     "instance": 1,
     "evals": 118315,
     "best": {
      "evals": 118315,
      "y": 1417
     }
    },
    {
     "instance": 1,
     "evals": 198639,
     "best": {
      "evals": 198639,
      "y": 1417
     }
    },
    {
     "instance": 1,
     "evals": 98459,
     "best": {
      "evals": 98459,
      "y": 1417
     }
    },
    {
     "instance": 1,
     "evals": 133978,
     "best": {
      "evals": 133978,
      "y": 1417
     }
    }
   ]
  }
 ]
}