{
 "version": "0.3.5",
 "suite": "maxSAT",
 "function_id": "8",
 "function_name": "instance11.dat",
 "maximization": false,
 "algorithm": {
  "name": "MaxFPS",
  "info": "MaxFPS"
 },
 "attributes": [
  "evaluations",
  "hard_unsat_nb",
  "soft_unsat_weight",
  "distance_to_the_last_best"
 ],
 "scenarios": [
  {
   "dimension": 239450,
   "path": "data_instance11/instance11.dat",
   "runs": [
    {
     "instance": 1,
     "evals": 81076473,
     "best": {
      "evals": 81076473,
      "y": 3655
     }
    },
    {
     "instance": 1,
     "evals": 91719111,
     "best": {
      "evals": 91719111,
      "y": 3619
     }
    },
    {
     "instance": 1,
     "evals": 60013833,
     "best": {
      "evals": 60013833,
      "y": 3637
     }
    },
    {
     "instance": 1,
     "evals": 371087486,
     "best": {
      "evals": 371087486,
      "y": 3623
     }
    },
    {
     "instance": 1,
     "evals": 86927893,
     "best": {
      "evals": 86927893,
      "y": 3637
     }
    }
   ]
  }
 ]
}