{
 "version": "0.3.5",
 "suite": "maxSAT",
 "function_id": "4",
 "function_name": "instance12.dat",
 "maximization": false,
 "algorithm": {
  "name": "Nwuls",
  "info": "Nwuls"
 },
 "attributes": [
  "evaluations",
  "hard_unsat_nb",
  "soft_unsat_weight",
  "distance_to_the_last_best"
 ],
 "scenarios": [
  {
   "dimension": 558350,
   "path": "data_instance12/instance12.dat",
   "runs": [
    {
     "instance": 1,
     "evals": 86323727,
     "best": {
      "evals": 86323727,
      "y": 7138
     }
    },
    {
     "instance": 1,
     "evals": 65243991,
     "best": {
      "evals": 65243991,
      "y": 6978
     }
    },
    {
     "instance": 1,
     "evals": 69043123,
     "best": {
      "evals": 69043123,
      "y": 6979
     }
    },
    {
     "instance": 1,
     "evals": 110341156,
     "best": {
      "evals": 110341156,
      "y": 7105
     }
    },
    {
     "instance": 1,
     "evals": 177521267,
     "best": {
      "evals": 177521267,
      "y": 7164
     }
    }
   ]
  }
 ]
}