{
 "version": "0.3.5",
 "suite": "maxSAT",
 "function_id": "2",
 "function_name": "ram_k3_n20.ra1.dat",
 "maximization": false,
 "algorithm": {
  "name": "BandMax",
  "info": "BandMax"
 },
 "attributes": [
  "evaluations",
  "hard_unsat_nb",
  "soft_unsat_weight",
  "distance_to_the_last_best"
 ],
 "scenarios": [
  {
   "dimension": 190,
   "path": "data_ram_k3_n20.ra1/ram_k3_n20.ra1.dat",
   "runs": [
    {
     "instance": 1,
     "evals": 36229371,
     "best": {
      "evals": 36229371,
      "y": 24513
     }
    },
    {
     "instance": 1,
     "evals": 37348040,
     "best": {
      "evals": 37348040,
      "y": 24500
     }
    },
    {
     "instance": 1,
     "evals": 10501678,
     "best": {
      "evals": 10501678,
      "y": 24500
     }
    },
    {
     "instance": 1,
     "evals": 79568572,
     "best": {
      "evals": 79568572,
      "y": 23898
     }
    },
    {
     "instance": 1,
     "evals": 20134772,
     "best": {
      "evals": 20134772,
      "y": 24485
     }
    }
   ]
  }
 ]
}