{
 "version": "0.3.5",
 "suite": "maxSAT",
 "function_id": "7",
 "function_name": "instance10.dat",
 "maximization": false,
 "algorithm": {
  "name": "BandMax",
  "info": "BandMax"
 },
 "attributes": [
  "evaluations",
  "hard_unsat_nb",
  "soft_unsat_weight",
  "distance_to_the_last_best"
 ],
 "scenarios": [
  {
   "dimension": 440296,
   "path": "data_instance10/instance10.dat",
   "runs": [
    {
     "instance": 1,
     "evals": 242798121,
     "best": {
      "evals": 242798121,
      "y": 6203
     }
    },
    {
     "instance": 1,
     "evals": 190399144,
     "best": {
      "evals": 190399144,
      "y": 5991
     }
    },
    {
     "instance": 1,
     "evals": 36438756,
     "best": {
      "evals": 36438756,
      "y": 6107
     }
    },
    {
     "instance": 1,
     "evals": 44200660,
     "best": {
      "evals": 44200660,
      "y": 6085
     }
    },
    {
     "instance": 1,
     "evals": 231997376,
     "best": {
      "evals": 231997376,
      "y": 6282
     }
    }
   ]
  }
 ]
}