{
 "version": "0.3.5",
 "suite": "maxSAT",
 "function_id": "2",
 "function_name": "af-synthesis_stb_50_40_8.dat",
 "maximization": false,
 "algorithm": {
  "name": "MaxFPS",
  "info": "MaxFPS"
 },
 "attributes": [
  "evaluations",
  "hard_unsat_nb",
  "soft_unsat_weight",
  "distance_to_the_last_best"
 ],
 "scenarios": [
  {
   "dimension": 13043,
   "path": "data_af-synthesis_stb_50_40_8/af-synthesis_stb_50_40_8.dat",
   "runs": [
    {
     "instance": 1,
     "evals": 15178,
     "best": {
      "evals": 15178,
      "y": 139
     }
    },
    {
     "instance": 1,
     "evals": 12989916,
     "best": {
      "evals": 12989916,
      "y": 149
     }
    },
    {
     "instance": 1,
     "evals": 9658124,
     "best": {
      "evals": 9658124,
      "y": 140
     }
    },
    {
     "instance": 1,
     "evals": 36131265,
     "best": {
      "evals": 36131265,
      "y": 140
     }
    },
    {
     "instance": 1,
     "evals": 7266702,
     "best": {
      "evals": 7266702,
      "y": 149
     }
    }
   ]
  }
 ]
}