{
 "version": "0.3.5",
 "suite": "maxSAT",
 "function_id": "2",
 "function_name": "instance3.dat",
 "maximization": false,
 "algorithm": {
  "name": "BandMax",
  "info": "BandMax"
 },
 "attributes": [
  "evaluations",
  "hard_unsat_nb",
  "soft_unsat_weight",
  "distance_to_the_last_best"
 ],
 "scenarios": [
  {
   "dimension": 13155,
   "path": "data_instance3/instance3.dat",
   "runs": [
    {
     "instance": 1,
     "evals": 11638396,
     "best": {
      "evals": 11638396,
      "y": 1018
     }
    },
    {
     "instance": 1,
     "evals": 304216878,
     "best": {
      "evals": 304216878,
      "y": 1013
     }
    },
    {
     "instance": 1,
     "evals": 338285668,
     "best": {
      "evals": 338285668,
      "y": 1016
     }
    },
    {
     "instance": 1,
     "evals": 412994251,
     "best": {
      "evals": 412994251,
      "y": 1013
     }
    },
    {
     "instance": 1,
     "evals": 382008343,
     "best": {
      "evals": 382008343,
      "y": 1013
     }
    }
   ]
  }
 ]
}