{
 "version": "0.3.5",
 "suite": "maxSAT",
 "function_id": "3",
 "function_name": "af-synthesis_stb_50_200_5.dat",
 "maximization": false,
 "algorithm": {
  "name": "Nwuls",
  "info": "Nwuls"
 },
 "attributes": [
  "evaluations",
  "hard_unsat_nb",
  "soft_unsat_weight",
  "distance_to_the_last_best"
 ],
 "scenarios": [
  {
   "dimension": 25066,
   "path": "data_af-synthesis_stb_50_200_5/af-synthesis_stb_50_200_5.dat",
   "runs": [
    {
     "instance": 1,
     "evals": 3103674,
     "best": {
      "evals": 3103674,
      "y": 102
     }
    },
    {
     "instance": 1,
     "evals": 25811452,
     "best": {
      "evals": 25811452,
      "y": 102
     }
    },
    {
     "instance": 1,
     "evals": 16194151,
     "best": {
      "evals": 16194151,
      "y": 104
     }
    },
    {
     "instance": 1,
     "evals": 30820624,
     "best": {
      "evals": 30820624,
      "y": 104
     }
    },
    {
     "instance": 1,
     "evals": 20490874,
     "best": {
      "evals": 20490874,
      "y": 104
     }
    }
   ]
  }
 ]
}