{
 "version": "0.3.5",
 "suite": "maxSAT",
 "function_id": "3",
 "function_name": "ram_k3_n18.ra1.dat",
 "maximization": false,
 "algorithm": {
  "name": "MaxFPS",
  "info": "MaxFPS"
 },
 "attributes": [
  "evaluations",
  "hard_unsat_nb",
  "soft_unsat_weight",
  "distance_to_the_last_best"
 ],
 "scenarios": [
  {
   "dimension": 153,
   "path": "data_ram_k3_n18.ra1/ram_k3_n18.ra1.dat",
   "runs": [
    {
     "instance": 1,
     "evals": 6967347,
     "best": {
      "evals": 6967347,
      "y": 15621
     }
    },
    {
     "instance": 1,
     "evals": 30428239,
     "best": {
      "evals": 30428239,
      "y": 15621
     }
    },
    {
     "instance": 1,
     "evals": 26875608,
     "best": {
      "evals": 26875608,
      "y": 15621
     }
    },
    {
     "instance": 1,
     "evals": 2021333,
     "best": {
      "evals": 2021333,
      "y": 15621
     }
    },
    {
     "instance": 1,
     "evals": 28180415,
     "best": {
      "evals": 28180415,
      "y": 15621
     }
    }
   ]
  }
 ]
}