{
 "version": "0.3.5",
 "suite": "maxSAT",
 "function_id": "8",
 "function_name": "ram_k3_n15.ra1.dat",
 "maximization": false,
 "algorithm": {
  "name": "BandMax",
  "info": "BandMax"
 },
 "attributes": [
  "evaluations",
  "hard_unsat_nb",
  "soft_unsat_weight",
  "distance_to_the_last_best"
 ],
 "scenarios": [
  {
   "dimension": 105,
   "path": "data_ram_k3_n15.ra1/ram_k3_n15.ra1.dat",
   "runs": [
    {
     "instance": 1,
     "evals": 18113511,
     "best": {
      "evals": 18113511,
      "y": 4884
     }
    },
    {
     "instance": 1,
     "evals": 126119,
     "best": {
      "evals": 126119,
      "y": 4884
     }
    },
    {
     "instance": 1,
     "evals": 38052273,
     "best": {
      "evals": 38052273,
      "y": 4884
     }
    },
    {
     "instance": 1,
     "evals": 596181,
     "best": {
      "evals": 596181,
      "y": 4884
     }
    },
    {
     "instance": 1,
     "evals": 6467743,
     "best": {
      "evals": 6467743,
      "y": 4884
     }
    }
   ]
  }
 ]
}