{
 "version": "0.3.5",
 "suite": "maxSAT",
 "function_id": "8",
 "function_name": "af-synthesis_stb_50_20_4.dat",
 "maximization": false,
 "algorithm": {
  "name": "BandMax",
  "info": "BandMax"
 },
 "attributes": [
  "evaluations",
  "hard_unsat_nb",
  "soft_unsat_weight",
  "distance_to_the_last_best"
 ],
 "scenarios": [
  {
   "dimension": 11497,
   "path": "data_af-synthesis_stb_50_20_4/af-synthesis_stb_50_20_4.dat",
   "runs": [
    {
     "instance": 1,
     "evals": 32533852,
     "best": {
      "evals": 32533852,
      "y": 128
     }
    },
    {
     "instance": 1,
     "evals": 35604158,
     "best": {
      "evals": 35604158,
      "y": 127
     }
    },
    {
     "instance": 1,
     "evals": 233717,
     "best": {
      "evals": 233717,
      "y": 127
     }
    },
    {
     "instance": 1,
     "evals": 19749,
     "best": {
      "evals": 19749,
      "y": 121
     }
    },
    {
     "instance": 1,
     "evals": 24247962,
     "best": {
      "evals": 24247962,
      "y": 121
     }
    }
   ]
  }
 ]
}