{
 "version": "0.3.5",
 "suite": "maxSAT",
 "function_id": "5",
 "function_name": "af-synthesis_stb_50_160_5.dat",
 "maximization": false,
 "algorithm": {
  "name": "BandMax",
  "info": "BandMax"
 },
 "attributes": [
  "evaluations",
  "hard_unsat_nb",
  "soft_unsat_weight",
  "distance_to_the_last_best"
 ],
 "scenarios": [
  {
   "dimension": 22193,
   "path": "data_af-synthesis_stb_50_160_5/af-synthesis_stb_50_160_5.dat",
   "runs": [
    {
     "instance": 1,
     "evals": 167,
     "best": {
      "evals": 167,
      "y": 131
     }
    },
    {
     "instance": 1,
     "evals": 15185985,
     "best": {
      "evals": 15185985,
      "y": 130
     }
    },
    {
     "instance": 1,
     "evals": 31112836,
     "best": {
      "evals": 31112836,
      "y": 132
     }
    },
    {
     "instance": 1,
     "evals": 854001,
     "best": {
      "evals": 854001,
      "y": 127
     }
    },
    {
     "instance": 1,
     "evals": 2571277,
     "best": {
      "evals": 2571277,
      "y": 127
     }
    }
   ]
  }
 ]
}