{
 "version": "0.3.5",
 "suite": "maxSAT",
 "function_id": "1",
 "function_name": "ram_k3_n16.ra1.dat",
 "maximization": false,
 "algorithm": {
  "name": "MaxFPS",
  "info": "MaxFPS"
 },
 "attributes": [
  "evaluations",
  "hard_unsat_nb",
  "soft_unsat_weight",
  "distance_to_the_last_best"
 ],
 "scenarios": [
  {
   "dimension": 120,
   "path": "data_ram_k3_n16.ra1/ram_k3_n16.ra1.dat",
   "runs": [
    {
     "instance": 1,
     "evals": 91935,
     "best": {
      "evals": 91935,
      "y": 7271
     }
    },
    {
     "instance": 1,
     "evals": 13555,
     "best": {
      "evals": 13555,
      "y": 7271
     }
    },
    {
     "instance": 1,
     "evals": 675605,
     "best": {
      "evals": 675605,
      "y": 7271
     }
    },
    {
     "instance": 1,
     "evals": 301335,
     "best": {
      "evals": 301335,
      "y": 7271
     }
    },
    {
     "instance": 1,
     "evals": 858635,
     "best": {
      "evals": 858635,
      "y": 7271
     }
    }
   ]
  }
 ]
}