{
 "version": "0.3.5",
 "suite": "maxSAT",
 "function_id": "6",
 "function_name": "ram_k3_n19.ra1.dat",
 "maximization": false,
 "algorithm": {
  "name": "MaxFPS",
  "info": "MaxFPS"
 },
 "attributes": [
  "evaluations",
  "hard_unsat_nb",
  "soft_unsat_weight",
  "distance_to_the_last_best"
 ],
 "scenarios": [
  {
   "dimension": 171,
   "path": "data_ram_k3_n19.ra1/ram_k3_n19.ra1.dat",
   "runs": [
    {
     "instance": 1,
     "evals": 69438466,
     "best": {
      "evals": 69438466,
      "y": 20717
     }
    },
    {
     "instance": 1,
     "evals": 162690301,
     "best": {
      "evals": 162690301,
      "y": 20665
     }
    },
    {
     "instance": 1,
     "evals": 39871571,
     "best": {
      "evals": 39871571,
      "y": 20841
     }
    },
    {
     "instance": 1,
     "evals": 24653188,
     "best": {
      "evals": 24653188,
      "y": 20665
     }
    },
    {
     "instance": 1,
     "evals": 163339465,
     "best": {
      "evals": 163339465,
      "y": 20665
     }
    }
   ]
  }
 ]
}