{
 "version": "0.3.5",
 "suite": "maxSAT",
 "function_id": "5",
 "function_name": "ram_k4_n19.ra1.dat",
 "maximization": false,
 "algorithm": {
  "name": "MaxFPS",
  "info": "MaxFPS"
 },
 "attributes": [
  "evaluations",
  "hard_unsat_nb",
  "soft_unsat_weight",
  "distance_to_the_last_best"
 ],
 "scenarios": [
  {
   "dimension": 171,
   "path": "data_ram_k4_n19.ra1/ram_k4_n19.ra1.dat",
   "runs": [
    {
     "instance": 1,
     "evals": 64400284,
     "best": {
      "evals": 64400284,
      "y": 1143
     }
    },
    {
     "instance": 1,
     "evals": 146836101,
     "best": {
      "evals": 146836101,
      "y": 1054
     }
    },
    {
     "instance": 1,
     "evals": 142778343,
     "best": {
      "evals": 142778343,
      "y": 1296
     }
    },
    {
     "instance": 1,
     "evals": 65263632,
     "best": {
      "evals": 65263632,
      "y": 1116
     }
    },
    {
     "instance": 1,
     "evals": 84284558,
     "best": {
      "evals": 84284558,
      "y": 1054
     }
    }
   ]
  }
 ]
}