{
 "version": "0.3.5",
 "suite": "maxSAT",
 "function_id": "10",
 "function_name": "instance7.dat",
 "maximization": false,
 "algorithm": {
  "name": "SATLike",
  "info": "SATLike"
 },
 "attributes": [
  "evaluations",
  "hard_unsat_nb",
  "soft_unsat_weight",
  "distance_to_the_last_best"
 ],
 "scenarios": [
  {
   "dimension": 29796,
   "path": "data_instance7/instance7.dat",
   "runs": [
    {
     "instance": 1,
     "evals": 599521402,
     "best": {
      "evals": 599521402,
      "y": 1205
     }
    },
    {
     "instance": 1,
     "evals": 413160414,
     "best": {
      "evals": 413160414,
      "y": 1165
     }
    },
    {
     "instance": 1,
     "evals": 741451837,
     "best": {
      "evals": 741451837,
      "y": 1177
     }
    },
    {
     "instance": 1,
     "evals": 307464549,
     "best": {
      "evals": 307464549,
      "y": 1185
     }
    },
    {
     "instance": 1,
     "evals": 437653728,
     "best": {
      "evals": 437653728,
      "y": 1191
     }
    }
   ]
  }
 ]
}