{
 "version": "0.3.5",
 "suite": "maxSAT",
 "function_id": "7",
 "function_name": "ram_k4_n20.ra1.dat",
 "maximization": false,
 "algorithm": {
  "name": "SATLike",
  "info": "SATLike"
 },
 "attributes": [
  "evaluations",
  "hard_unsat_nb",
  "soft_unsat_weight",
  "distance_to_the_last_best"
 ],
 "scenarios": [
  {
   "dimension": 190,
   "path": "data_ram_k4_n20.ra1/ram_k4_n20.ra1.dat",
   "runs": [
    {
     "instance": 1,
     "evals": 37999597,
     "best": {
      "evals": 37999597,
      "y": 2818
     }
    },
    {
     "instance": 1,
     "evals": 128958087,
     "best": {
      "evals": 128958087,
      "y": 2999
     }
    },
    {
     "instance": 1,
     "evals": 65443465,
     "best": {
      "evals": 65443465,
      "y": 2952
     }
    },
    {
     "instance": 1,
     "evals": 47492221,
     "best": {
      "evals": 47492221,
      "y": 3064
     }
    },
    {
     "instance": 1,
     "evals": 87049894,
     "best": {
      "evals": 87049894,
      "y": 3086
     }
    }
   ]
  }
 ]
}