{
 "version": "0.3.5",
 "suite": "maxSAT",
 "function_id": "1",
 "function_name": "ram_k3_n16.ra1.dat",
 "maximization": false,
 "algorithm": {
  "name": "BandMax",
  "info": "BandMax"
 },
 "attributes": [
  "evaluations",
  "hard_unsat_nb",
  "soft_unsat_weight",
  "distance_to_the_last_best"
 ],
 "scenarios": [
  {
   "dimension": 120,
   "path": "data_ram_k3_n16.ra1/ram_k3_n16.ra1.dat",
   "runs": [
    {
     "instance": 1,
     "evals": 10002363,
     "best": {
      "evals": 10002363,
      "y": 7271
     }
    },
    {
     "instance": 1,
     "evals": 18152547,
     "best": {
      "evals": 18152547,
      "y": 7468
     }
    },
    {
     "instance": 1,
     "evals": 28411917,
     "best": {
      "evals": 28411917,
      "y": 7271
     }
    },
    {
     "instance": 1,
     "evals": 134383,
     "best": {
      "evals": 134383,
      "y": 7271
     }
    },
    {
     "instance": 1,
     "evals": 826,
     "best": {
      "evals": 826,
      "y": 7271
     }
    }
   ]
  }
 ]
}