{
 "version": "0.3.5",
 "suite": "maxSAT",
 "function_id": "4",
 "function_name": "af-synthesis_stb_50_40_6.dat",
 "maximization": false,
 "algorithm": {
  "name": "BandMax",
  "info": "BandMax"
 },
 "attributes": [
  "evaluations",
  "hard_unsat_nb",
  "soft_unsat_weight",
  "distance_to_the_last_best"
 ],
 "scenarios": [
  {
   "dimension": 13081,
   "path": "data_af-synthesis_stb_50_40_6/af-synthesis_stb_50_40_6.dat",
   "runs": [
    {
     "instance": 1,
     "evals": 10072251,
     "best": {
      "evals": 10072251,
      "y": 131
     }
    },
    {
     "instance": 1,
     "evals": 27861063,
     "best": {
      "evals": 27861063,
      "y": 124
     }
    },
    {
     "instance": 1,
     "evals": 14390304,
     "best": {
      "evals": 14390304,
      "y": 126
     }
    },
    {
     "instance": 1,
     "evals": 16848923,
     "best": {
      "evals": 16848923,
      "y": 125
     }
    },
    {
     "instance": 1,
     "evals": 33047999,
     "best": {
      "evals": 33047999,
      "y": 125
     }
    }
   ]
  }
 ]
}