{
 "version": "0.3.5",
 "suite": "maxSAT",
 "function_id": "8",
 "function_name": "instance11.dat",
 "maximization": false,
 "algorithm": {
  "name": "Nwuls",
  "info": "Nwuls"
 },
 "attributes": [
  "evaluations",
  "hard_unsat_nb",
  "soft_unsat_weight",
  "distance_to_the_last_best"
 ],
 "scenarios": [
  {
   "dimension": 239450,
   "path": "data_instance11/instance11.dat",
   "runs": [
    {
     "instance": 1,
     "evals": 51458895,
     "best": {
      "evals": 51458895,
      "y": 3653
     }
    },
    {
     "instance": 1,
     "evals": 427913481,
     "best": {
      "evals": 427913481,
      "y": 3649
     }
    },
    {
     "instance": 1,
     "evals": 57991091,
     "best": {
      "evals": 57991091,
      "y": 3571
     }
    },
    {
     "instance": 1,
     "evals": 284209162,
     "best": {
      "evals": 284209162,
      "y": 3654
     }
    },
    {
     "instance": 1,
     "evals": 320632940,
     "best": {
      "evals": 320632940,
      "y": 3558
     }
    }
   ]
  }
 ]
}