{
 "version": "0.3.5",
 "suite": "maxSAT",
 "function_id": "5",
 "function_name": "ram_k4_n19.ra1.dat",
 "maximization": false,
 "algorithm": {
  "name": "Nwuls",
  "info": "Nwuls"
 },
 "attributes": [
  "evaluations",
  "hard_unsat_nb",
  "soft_unsat_weight",
  "distance_to_the_last_best"
 ],
 "scenarios": [
  {
   "dimension": 171,
   "path": "data_ram_k4_n19.ra1/ram_k4_n19.ra1.dat",
   "runs": [
    {
     "instance": 1,
     "evals": 32898932,
     "best": {
      "evals": 32898932,
      "y": 1226
     }
    },
    {
     "instance": 1,
     "evals": 52436916,
     "best": {
      "evals": 52436916,
      "y": 1134
     }
    },
    {
     "instance": 1,
     "evals": 86652681,
     "best": {
      "evals": 86652681,
      "y": 1002
     }
    },
    {
     "instance": 1,
     "evals": 13576709,
     "best": {
      "evals": 13576709,
      "y": 1104
     }
    },
    {
     "instance": 1,
     "evals": 50936054,
     "best": {
      "evals": 50936054,
      "y": 1122
     }
    }
   ]
  }
 ]
}