{
 "version": "0.3.5",
 "suite": "maxSAT",
 "function_id": "5",
 "function_name": "instance5.dat",
 "maximization": false,
 "algorithm": {
  "name": "Nwuls",
  "info": "Nwuls"
 },
 "attributes": [
  "evaluations",
  "hard_unsat_nb",
  "soft_unsat_weight",
  "distance_to_the_last_best"
 ],
 "scenarios": [
  {
   "dimension": 17436,
   "path": "data_instance5/instance5.dat",
   "runs": [
    {
     "instance": 1,
     "evals": 115756204,
     "best": {
      "evals": 115756204,
      "y": 1287
     }
    },
    {
     "instance": 1,
     "evals": 252365266,
     "best": {
      "evals": 252365266,
      "y": 1302
     }
    },
    {
     "instance": 1,
     "evals": 507864137,
     "best": {
      "evals": 507864137,
      "y": 1291
     }
    },
    {
     "instance": 1,
     "evals": 262147649,
     "best": {
      "evals": 262147649,
      "y": 1305
     }
    },
    {
     "instance": 1,
     "evals": 944439410,
     "best": {
      "evals": 944439410,
      "y": 1303
     }
    }
   ]
  }
 ]
}