{
 "version": "0.3.5",
 "suite": "maxSAT",
 "function_id": "3",
 "function_name": "ram_k3_n18.ra1.dat",
 "maximization": false,
 "algorithm": {
  "name": "SATLike",
  "info": "SATLike"
 },
 "attributes": [
  "evaluations",
  "hard_unsat_nb",
  "soft_unsat_weight",
  "distance_to_the_last_best"
 ],
 "scenarios": [
  {
   "dimension": 153,
   "path": "data_ram_k3_n18.ra1/ram_k3_n18.ra1.dat",
   "runs": [
    {
     "instance": 1,
     "evals": 1885492,
     "best": {
      "evals": 1885492,
      "y": 15621
     }
    },
    {
     "instance": 1,
     "evals": 5514915,
     "best": {
      "evals": 5514915,
      "y": 15621
     }
    },
    {
     "instance": 1,
     "evals": 626213,
     "best": {
      "evals": 626213,
      "y": 15621
     }
    },
    {
     "instance": 1,
     "evals": 6520068,
     "best": {
      "evals": 6520068,
      "y": 15621
     }
    },
    {
     "instance": 1,
     "evals": 341818,
     "best": {
      "evals": 341818,
      "y": 15621
     }
    }
   ]
  }
 ]
}