{
 "version": "0.3.5",
 "suite": "maxSAT",
 "function_id": "9",
 "function_name": "instance4.dat",
 "maximization": false,
 "algorithm": {
  "name": "BandMax",
  "info": "BandMax"
 },
 "attributes": [
  "evaluations",
  "hard_unsat_nb",
  "soft_unsat_weight",
  "distance_to_the_last_best"
 ],
 "scenarios": [
  {
   "dimension": 7010,
   "path": "data_instance4/instance4.dat",
   "runs": [
    {
     "instance": 1,
     "evals": 23329228,
     "best": {
      "evals": 23329228,
      "y": 1738
     }
    },
    {
     "instance": 1,
     "evals": 209072876,
     "best": {
      "evals": 209072876,
      "y": 1736
     }
    },
    {
     "instance": 1,
     "evals": 20415636,
     "best": {
      "evals": 20415636,
      "y": 1736
     }
    },
    {
     "instance": 1,
     "evals": 122227512,
     "best": {
      "evals": 122227512,
      "y": 1733
     }
    },
    {
     "instance": 1,
     "evals": 61573491,
     "best": {
      "evals": 61573491,
      "y": 1734
     }
    }
   ]
  }
 ]
}