{
 "version": "0.3.5",
 "suite": "maxSAT",
 "function_id": "6",
 "function_name": "af-synthesis_stb_50_80_8.dat",
 "maximization": false,
 "algorithm": {
  "name": "BandMax",
  "info": "BandMax"
 },
 "attributes": [
  "evaluations",
  "hard_unsat_nb",
  "soft_unsat_weight",
  "distance_to_the_last_best"
 ],
 "scenarios": [
  {
   "dimension": 16118,
   "path": "data_af-synthesis_stb_50_80_8/af-synthesis_stb_50_80_8.dat",
   "runs": [
    {
     "instance": 1,
     "evals": 16674351,
     "best": {
      "evals": 16674351,
      "y": 132
     }
    },
    {
     "instance": 1,
     "evals": 20895903,
     "best": {
      "evals": 20895903,
      "y": 128
     }
    },
    {
     "instance": 1,
     "evals": 27533572,
     "best": {
      "evals": 27533572,
      "y": 130
     }
    },
    {
     "instance": 1,
     "evals": 3795099,
     "best": {
      "evals": 3795099,
      "y": 133
     }
    },
    {
     "instance": 1,
     "evals": 15951002,
     "best": {
      "evals": 15951002,
      "y": 131
     }
    }
   ]
  }
 ]
}