{
 "version": "0.3.5",
 "suite": "maxSAT",
 "function_id": "7",
 "function_name": "af-synthesis_stb_50_120_5.dat",
 "maximization": false,
 "algorithm": {
  "name": "SATLike",
  "info": "SATLike"
 },
 "attributes": [
  "evaluations",
  "hard_unsat_nb",
  "soft_unsat_weight",
  "distance_to_the_last_best"
 ],
 "scenarios": [
  {
   "dimension": 19227,
   "path": "data_af-synthesis_stb_50_120_5/af-synthesis_stb_50_120_5.dat",
   "runs": [
    {
     "instance": 1,
     "evals": 708,
     "best": {
      "evals": 708,
      "y": 153
     }
    },
    {
     "instance": 1,
     "evals": 20002104,
     "best": {
      "evals": 20002104,
      "y": 143
     }
    },
    {
     "instance": 1,
     "evals": 20001466,
     "best": {
      "evals": 20001466,
      "y": 143
     }
    },
    {
     "instance": 1,
     "evals": 133,
     "best": {
      "evals": 133,
      "y": 158
     }
    },
    {
     "instance": 1,
     "evals": 20001529,
     "best": {
      "evals": 20001529,
      "y": 147
     }
    }
   ]
  }
 ]
}