{
 "version": "0.3.5",
 "suite": "maxSAT",
 "function_id": "1",
 "function_name": "af-synthesis_stb_50_120_2.dat",
 "maximization": false,
 "algorithm": {
  "name": "BandMax",
  "info": "BandMax"
 },
 "attributes": [
  "evaluations",
  "hard_unsat_nb",
  "soft_unsat_weight",
  "distance_to_the_last_best"
 ],
 "scenarios": [
  {
   "dimension": 19189,
   "path": "data_af-synthesis_stb_50_120_2/af-synthesis_stb_50_120_2.dat",
   "runs": [
    {
     "instance": 1,
     "evals": 30969350,
     "best": {
      "evals": 30969350,
      "y": 124
     }
    },
    {
     "instance": 1,
     "evals": 17154381,
     "best": {
      "evals": 17154381,
      "y": 117
     }
    },
    {
     "instance": 1,
     "evals": 12810594,
     "best": {
      "evals": 12810594,
      "y": 122
     }
    },
    {
     "instance": 1,
     "evals": 16130948,
     "best": {
      "evals": 16130948,
      "y": 123
     }
    },
    {
     "instance": 1,
     "evals": 12961848,
     "best": {
      "evals": 12961848,
      "y": 117
     }
    }
   ]
  }
 ]
}