{
 "version": "0.3.5",
 "suite": "maxSAT",
 "function_id": "3",
 "function_name": "af-synthesis_stb_50_200_5.dat",
 "maximization": false,
 "algorithm": {
  "name": "BandMax",
  "info": "BandMax"
 },
 "attributes": [
  "evaluations",
  "hard_unsat_nb",
  "soft_unsat_weight",
  "distance_to_the_last_best"
 ],
 "scenarios": [
  {
   "dimension": 25066,
   "path": "data_af-synthesis_stb_50_200_5/af-synthesis_stb_50_200_5.dat",
   "runs": [
    {
     "instance": 1,
     "evals": 23,
     "best": {
      "evals": 23,
      "y": 129
     }
    },
    {
     "instance": 1,
     "evals": 20095748,
     "best": {
      "evals": 20095748,
      "y": 124
     }
    },
    {
     "instance": 1,
     "evals": 18043595,
     "best": {
      "evals": 18043595,
      "y": 127
     }
    },
    {
     "instance": 1,
     "evals": 7924034,
     "best": {
      "evals": 7924034,
      "y": 126
     }
    },
    {
     "instance": 1,
     "evals": 19458498,
     "best": {
      "evals": 19458498,
      "y": 116
     }
    }
   ]
  }
 ]
}