{
 "version": "0.3.5",
 "suite": "maxSAT",
 "function_id": "5",
 "function_name": "ram_k4_n19.ra1.dat",
 "maximization": false,
 "algorithm": {
  "name": "SATLike",
  "info": "SATLike"
 },
 "attributes": [
  "evaluations",
  "hard_unsat_nb",
  "soft_unsat_weight",
  "distance_to_the_last_best"
 ],
 "scenarios": [
  {
   "dimension": 171,
   "path": "data_ram_k4_n19.ra1/ram_k4_n19.ra1.dat",
   "runs": [
    {
     "instance": 1,
     "evals": 45332592,
     "best": {
      "evals": 45332592,
      "y": 1039
     }
    },
    {
     "instance": 1,
     "evals": 10444176,
     "best": {
      "evals": 10444176,
      "y": 1218
     }
    },
    {
     "instance": 1,
     "evals": 118442266,
     "best": {
      "evals": 118442266,
      "y": 1106
     }
    },
    {
     "instance": 1,
     "evals": 6583488,
     "best": {
      "evals": 6583488,
      "y": 898
     }
    },
    {
     "instance": 1,
     "evals": 30169690,
     "best": {
      "evals": 30169690,
      "y": 1302
     }
    }
   ]
  }
 ]
}