{
 "version": "0.3.5",
 "suite": "maxSAT",
 "function_id": "9",
 "function_name": "instance4.dat",
 "maximization": false,
 "algorithm": {
  "name": "MaxFPS",
  "info": "MaxFPS"
 },
 "attributes": [
  "evaluations",
  "hard_unsat_nb",
  "soft_unsat_weight",
  "distance_to_the_last_best"
 ],
 "scenarios": [
  {
   "dimension": 7010,
   "path": "data_instance4/instance4.dat",
   "runs": [
    {
     "instance": 1,
     "evals": 893578469,
     "best": {
      "evals": 893578469,
      "y": 1743
     }
    },
    {
     "instance": 1,
     "evals": 1141100770,
     "best": {
      "evals": 1141100770,
      "y": 1740
     }
    },
    {
     "instance": 1,
     "evals": 1229332153,
     "best": {
      "evals": 1229332153,
      "y": 1742
     }
    },
    {
     "instance": 1,
     "evals": 19038416,
     "best": {
      "evals": 19038416,
      "y": 1751
     }
    },
    {
     "instance": 1,
     "evals": 906552390,
     "best": {
      "evals": 906552390,
      "y": 1742
     }
    }
   ]
  }
 ]
}