{
 "version": "0.3.5",
 "suite": "maxSAT",
 "function_id": "4",
 "function_name": "ram_k3_n13.ra1.dat",
 "maximization": false,
 "algorithm": {
  "name": "Nwuls",
  "info": "Nwuls"
 },
 "attributes": [
  "evaluations",
  "hard_unsat_nb",
  "soft_unsat_weight",
  "distance_to_the_last_best"
 ],
 "scenarios": [
  {
   "dimension": 78,
   "path": "data_ram_k3_n13.ra1/ram_k3_n13.ra1.dat",
   "runs": [
    {
     "instance": 1,
     "evals": 492460,
     "best": {
      "evals": 492460,
      "y": 1417
     }
    },
    {
     "instance": 1,
     "evals": 135845,
     "best": {
      "evals": 135845,
      "y": 1417
     }
    },
    {
     "instance": 1,
     "evals": 370461,
     "best": {
      "evals": 370461,
      "y": 1417
     }
    },
    {
     "instance": 1,
     "evals": 492480,
     "best": {
      "evals": 492480,
      "y": 1417
     }
    },
    {
     "instance": 1,
     "evals": 509071,
     "best": {
      "evals": 509071,
      "y": 1417
     }
    }
   ]
  }
 ]
}