{
 "version": "0.3.5",
 "suite": "maxSAT",
 "function_id": "7",
 "function_name": "instance10.dat",
 "maximization": false,
 "algorithm": {
  "name": "Nwuls",
  "info": "Nwuls"
 },
 "attributes": [
  "evaluations",
  "hard_unsat_nb",
  "soft_unsat_weight",
  "distance_to_the_last_best"
 ],
 "scenarios": [
  {
   "dimension": 440296,
   "path": "data_instance10/instance10.dat",
   "runs": [
    {
     "instance": 1,
     "evals": 286751219,
     "best": {
      "evals": 286751219,
      "y": 6227
     }
    },
    {
     "instance": 1,
     "evals": 98722831,
     "best": {
      "evals": 98722831,
      "y": 6315
     }
    },
    {
     "instance": 1,
     "evals": 156350480,
     "best": {
      "evals": 156350480,
      "y": 6119
     }
    },
    {
     "instance": 1,
     "evals": 199506987,
     "best": {
      "evals": 199506987,
      "y": 6031
     }
    },
    {
     "instance": 1,
     "evals": 75452874,
     "best": {
      "evals": 75452874,
      "y": 6234
     }
    }
   ]
  }
 ]
}