{
 "version": "0.3.5",
 "suite": "maxSAT",
 "function_id": "4",
 "function_name": "af-synthesis_stb_50_40_6.dat",
 "maximization": false,
 "algorithm": {
  "name": "SATLike",
  "info": "SATLike"
 },
 "attributes": [
  "evaluations",
  "hard_unsat_nb",
  "soft_unsat_weight",
  "distance_to_the_last_best"
 ],
 "scenarios": [
  {
   "dimension": 13081,
   "path": "data_af-synthesis_stb_50_40_6/af-synthesis_stb_50_40_6.dat",
   "runs": [
    {
     "instance": 1,
     "evals": 10000155,
     "best": {
      "evals": 10000155,
      "y": 138
     }
    },
    {
     "instance": 1,
     "evals": 92,
     "best": {
      "evals": 92,
      "y": 131
     }
    },
    {
     "instance": 1,
     "evals": 380,
     "best": {
      "evals": 380,
      "y": 140
     }
    },
    {
     "instance": 1,
     "evals": 10000253,
     "best": {
      "evals": 10000253,
      "y": 135
     }
    },
    {
     "instance": 1,
     "evals": 20000870,
     "best": {
      "evals": 20000870,
      "y": 140
     }
    }
   ]
  }
 ]
}